fold,true_cluster,predicted_cluster,correct,top1_cluster,top1_confidence,top2_cluster,top2_confidence,top3_cluster,top3_confidence,top4_cluster,top4_confidence,top5_cluster,top5_confidence,true_rank,elapsed_time
1,1,2,False,2,0.78,0,0.22,1,0.0,3,0.0,4,0.0,3,0 days 00:53:19
1,1,1,True,1,0.97,3,0.02,0,0.01,2,0.0,4,0.0,1,0 days 00:17:41
1,0,2,False,2,0.92,0,0.08,1,0.0,3,0.0,4,0.0,2,0 days 00:53:32
1,2,2,True,2,0.92,0,0.08,1,0.0,3,0.0,4,0.0,1,0 days 00:53:46
1,1,0,False,0,0.61,3,0.39,1,0.0,2,0.0,4,0.0,3,0 days 00:17:16
1,3,2,False,2,0.96,3,0.04,1,0.0,0,0.0,4,0.0,2,0 days 00:00:46
1,3,0,False,0,0.67,3,0.32,1,0.01,2,0.0,4,0.0,2,0 days 00:17:02
1,2,3,False,3,0.63,2,0.36,0,0.01,1,0.0,4,0.0,2,0 days 00:50:21
1,0,0,True,0,0.88,3,0.12,1,0.0,2,0.0,4,0.0,1,0 days 00:55:19
1,3,3,True,3,0.91,0,0.07,4,0.02,1,0.0,2,0.0,1,0 days 00:45:08
1,4,1,False,1,0.78,2,0.16,3,0.06,0,0.0,4,0.0,5,0 days 00:18:47
1,4,3,False,3,0.65,2,0.31,4,0.03,0,0.01,1,0.0,3,0 days 00:32:10
1,2,3,False,3,0.65,4,0.26,2,0.08,0,0.01,1,0.0,3,0 days 00:31:24
1,0,3,False,3,0.97,2,0.02,0,0.01,1,0.0,4,0.0,3,0 days 00:49:35
1,0,3,False,3,0.74,4,0.25,0,0.01,1,0.0,2,0.0,3,0 days 00:49:02
1,0,2,False,2,0.58,3,0.26,0,0.16,1,0.0,4,0.0,3,0 days 01:28:01
1,0,3,False,3,0.4815833333333333,0,0.4384166666666667,1,0.08,2,0.0,4,0.0,2,0 days 00:15:57
1,2,4,False,4,0.89,0,0.09,3,0.02,1,0.0,2,0.0,5,0 days 00:45:32
1,1,0,False,0,0.55,2,0.26,3,0.10100000000000002,1,0.08900000000000001,4,0.0,4,0 days 00:16:34
1,2,2,True,2,0.59,3,0.41,1,0.0,0,0.0,4,0.0,1,0 days 01:00:00
1,3,3,True,3,0.4815833333333333,0,0.4384166666666667,1,0.08,2,0.0,4,0.0,1,0 days 00:15:57
1,3,2,False,2,0.87,3,0.1,0,0.03,1,0.0,4,0.0,2,0 days 01:05:07
1,1,3,False,3,0.64,1,0.29,2,0.07,0,0.0,4,0.0,2,0 days 00:18:27
1,3,3,True,3,0.63,2,0.36,0,0.01,1,0.0,4,0.0,1,0 days 00:50:21
1,3,3,True,3,0.63,1,0.22,0,0.09,4,0.06,2,0.0,1,0 days 00:21:47
1,3,1,False,1,0.97,3,0.03,0,0.0,2,0.0,4,0.0,2,0 days 00:15:22
1,2,3,False,3,0.62,2,0.35,1,0.03,0,0.0,4,0.0,2,0 days 00:11:56
1,3,0,False,0,0.63,4,0.21,2,0.15,3,0.01,1,0.0,4,0 days 00:52:30
1,4,4,True,4,0.73,2,0.24,3,0.02,1,0.01,0,0.0,1,0 days 00:41:57
1,4,4,True,4,0.6075,3,0.361,2,0.0315,1,0.0,0,0.0,1,0 days 00:29:34
2,1,3,False,3,0.7,1,0.26,0,0.04,2,0.0,4,0.0,2,0 days 00:10:15
2,3,1,False,1,0.65,3,0.21,0,0.08,4,0.04,2,0.02,2,0 days 00:40:45
2,3,1,False,1,0.96,4,0.04,2,0.0,0,0.0,3,0.0,5,0 days 00:18:11
2,3,2,False,2,0.86,4,0.14,1,0.0,0,0.0,3,0.0,5,0 days 00:34:31
2,3,1,False,1,0.28,0,0.25659523809523804,3,0.23176190476190472,4,0.22164285714285714,2,0.01,3,0 days 00:16:28
2,0,3,False,3,0.6565000000000001,2,0.3335,0,0.01,1,0.0,4,0.0,3,0 days 00:49:58
2,3,1,False,1,0.67,2,0.14,3,0.07742857142857143,0,0.07261904761904762,4,0.03995238095238095,3,0 days 00:16:29
2,0,0,True,0,0.85,2,0.15,1,0.0,3,0.0,4,0.0,1,0 days 01:24:22
2,3,4,False,4,0.79,2,0.2,3,0.01,1,0.0,0,0.0,3,0 days 00:42:29
2,4,2,False,2,0.67,4,0.33,1,0.0,0,0.0,3,0.0,2,0 days 00:30:00
2,4,3,False,3,0.67,2,0.27,1,0.06,0,0.0,4,0.0,5,0 days 00:23:57
2,4,1,False,1,0.78,0,0.18,2,0.03,4,0.01,3,0.0,4,0 days 00:07:53
2,1,2,False,2,0.81,4,0.16,0,0.03,1,0.0,3,0.0,4,0 days 00:35:46
2,2,4,False,4,0.68,3,0.26,2,0.06,1,0.0,0,0.0,3,0 days 00:51:20
2,0,4,False,4,0.87,3,0.08,2,0.04,0,0.01,1,0.0,4,0 days 00:45:25
2,2,4,False,4,0.76,2,0.17800000000000002,3,0.06199999999999999,1,0.0,0,0.0,2,0 days 00:28:58
2,1,1,True,1,0.97,3,0.03,0,0.0,2,0.0,4,0.0,1,0 days 00:15:28
2,0,1,False,1,0.75,2,0.24,0,0.004285714285714285,4,0.004285714285714285,3,0.0014285714285714286,3,0 days 00:16:36
2,0,3,False,3,0.94,1,0.055,0,0.005,2,0.0,4,0.0,3,0 days 00:17:04
2,1,4,False,4,0.69,1,0.29,0,0.02,2,0.0,3,0.0,2,0 days 00:08:20
2,3,2,False,2,0.67,4,0.33,1,0.0,0,0.0,3,0.0,5,0 days 00:30:00
2,1,1,True,1,0.68,4,0.23,3,0.09,0,0.0,2,0.0,1,0 days 00:16:53
2,3,1,False,1,0.6,4,0.38,3,0.02,0,0.0,2,0.0,3,0 days 00:20:18
2,1,2,False,2,0.63,4,0.33,3,0.02,1,0.01,0,0.01,4,0 days 00:40:01
2,2,3,False,3,0.72,2,0.25,0,0.03,1,0.0,4,0.0,2,0 days 01:05:02
2,3,4,False,4,0.81,2,0.188,3,0.002,1,0.0,0,0.0,3,0 days 00:29:11
2,2,1,False,1,0.76,4,0.24,2,0.0,0,0.0,3,0.0,3,0 days 00:16:44
2,2,0,False,0,0.7440000000000001,2,0.166,3,0.09,1,0.0,4,0.0,2,0 days 00:44:43
2,2,2,True,2,0.78,0,0.13,3,0.09,1,0.0,4,0.0,1,0 days 01:02:48
2,4,4,True,4,0.81,2,0.188,3,0.002,1,0.0,0,0.0,1,0 days 00:29:12
3,0,3,False,3,0.84,4,0.16,1,0.0,0,0.0,2,0.0,4,0 days 00:41:10
3,2,0,False,0,0.674,2,0.266,4,0.06,1,0.0,3,0.0,2,0 days 00:44:02
3,1,3,False,3,0.84,4,0.09,1,0.05,2,0.02,0,0.0,3,0 days 00:40:33
3,3,3,True,3,0.64,2,0.32,1,0.04,0,0.0,4,0.0,1,0 days 00:11:20
3,0,3,False,3,0.6,2,0.33,0,0.07,1,0.0,4,0.0,3,0 days 01:16:30
3,3,3,True,3,0.8,0,0.19,1,0.01,2,0.0,4,0.0,1,0 days 00:03:20
3,3,3,True,3,0.65,0,0.32,1,0.03,2,0.0,4,0.0,1,0 days 00:15:13
3,3,3,True,3,0.8766666666666667,1,0.12333333333333334,0,0.0,2,0.0,4,0.0,1,0 days 00:16:19
3,4,4,True,4,0.72,2,0.22,0,0.05,3,0.01,1,0.0,1,0 days 00:37:56
3,4,3,False,3,0.91,1,0.07,4,0.02,0,0.0,2,0.0,3,0 days 00:20:00
3,2,3,False,3,0.89,1,0.08,0,0.02,2,0.01,4,0.0,4,0 days 00:24:21
3,1,1,True,1,0.9033333333333334,3,0.09,0,0.006666666666666666,2,0.0,4,0.0,1,0 days 00:17:33
3,0,3,False,3,0.56,0,0.44,1,0.0,2,0.0,4,0.0,2,0 days 00:54:52
3,2,4,False,4,0.97,3,0.03,1,0.0,0,0.0,2,0.0,5,0 days 00:41:40
3,1,3,False,3,0.9,1,0.09,0,0.01,2,0.0,4,0.0,2,0 days 00:09:08
3,1,3,False,3,0.66,1,0.34,0,0.0,2,0.0,4,0.0,2,0 days 00:15:23
3,2,0,False,0,0.69,2,0.205,3,0.105,1,0.0,4,0.0,2,0 days 00:26:24
3,2,4,False,4,0.59,3,0.26,2,0.14,0,0.01,1,0.0,3,0 days 00:33:55
3,0,3,False,3,0.5225000000000001,0,0.4175,1,0.06,2,0.0,4,0.0,2,0 days 00:15:57
3,4,3,False,3,0.91,1,0.07,4,0.02,0,0.0,2,0.0,3,0 days 00:20:00
3,0,3,False,3,0.63,0,0.37,1,0.0,2,0.0,4,0.0,2,0 days 00:46:35
3,2,0,False,0,0.7773333333333333,2,0.22266666666666668,1,0.0,3,0.0,4,0.0,2,0 days 00:44:12
3,1,3,False,3,0.86,4,0.12,1,0.02,0,0.0,2,0.0,3,0 days 00:20:22
3,1,1,True,1,0.93,3,0.065,0,0.005,2,0.0,4,0.0,1,0 days 00:16:00
3,3,2,False,2,0.62,0,0.27,3,0.1,1,0.01,4,0.0,3,0 days 00:25:28
3,3,3,True,3,0.47,2,0.42,0,0.06,1,0.05,4,0.0,1,0 days 00:25:02
3,3,3,True,3,0.89,2,0.11,1,0.0,0,0.0,4,0.0,1,0 days 00:58:24
3,3,3,True,3,0.5225000000000001,0,0.4175,1,0.06,2,0.0,4,0.0,1,0 days 00:15:57
3,3,3,True,3,0.65,2,0.28,1,0.07,0,0.0,4,0.0,1,0 days 00:11:11
3,4,2,False,2,0.68,1,0.27,0,0.02,4,0.02,3,0.01,4,0 days 00:36:32
4,3,2,False,2,0.61,4,0.19,1,0.12,3,0.08,0,0.0,4,0 days 00:14:44
4,0,3,False,3,0.68,0,0.18,4,0.13,2,0.01,1,0.0,2,0 days 00:38:51
4,1,3,False,3,0.8203333333333335,1,0.1796666666666667,0,0.0,2,0.0,4,0.0,2,0 days 00:15:51
4,3,0,False,0,0.65,3,0.24,1,0.11,2,0.0,4,0.0,2,0 days 00:15:09
4,3,3,True,3,0.8331666666666666,0,0.1668333333333333,1,0.0,2,0.0,4,0.0,1,0 days 00:57:33
4,2,1,False,1,0.65,4,0.22,0,0.08,3,0.05,2,0.0,5,0 days 00:39:53
4,3,4,False,4,0.54,2,0.26,1,0.14,3,0.06,0,0.0,4,0 days 00:14:48
4,3,3,True,3,0.9,0,0.08,4,0.02,1,0.0,2,0.0,1,0 days 00:23:14
4,4,2,False,2,0.6,3,0.28,4,0.09,0,0.03,1,0.0,3,0 days 00:51:50
4,4,3,False,3,0.71,1,0.28,0,0.01,2,0.0,4,0.0,5,0 days 00:40:16
4,4,4,True,4,0.56,3,0.34,0,0.06,2,0.04,1,0.0,1,0 days 00:48:38
4,1,1,True,1,0.85,0,0.11,3,0.04,2,0.0,4,0.0,1,0 days 00:09:28
4,0,3,False,3,0.84,2,0.16,1,0.0,0,0.0,4,0.0,4,0 days 01:07:33
4,1,1,True,1,0.9,3,0.1,0,0.0,2,0.0,4,0.0,1,0 days 00:15:30
4,1,1,True,1,0.69,3,0.23,2,0.05,4,0.03,0,0.0,1,0 days 00:14:13
4,2,2,True,2,0.98,0,0.01,1,0.01,3,0.0,4,0.0,1,0 days 00:53:58
4,0,3,False,3,0.68,4,0.18,2,0.13,0,0.01,1,0.0,4,0 days 00:43:32
4,2,3,False,3,0.95,0,0.05,1,0.0,2,0.0,4,0.0,4,0 days 00:25:20
4,1,1,True,1,0.63,0,0.23,3,0.09,4,0.03,2,0.02,1,0 days 00:15:01
4,0,1,False,1,0.87,0,0.11,3,0.02,2,0.0,4,0.0,2,0 days 00:09:29
4,0,2,False,2,0.98,0,0.02,1,0.0,3,0.0,4,0.0,2,0 days 00:54:02
4,2,0,False,0,0.74,3,0.25,2,0.01,1,0.0,4,0.0,3,0 days 01:27:54
4,3,3,True,3,0.8331666666666666,0,0.1668333333333333,1,0.0,2,0.0,4,0.0,1,0 days 00:57:27
4,2,2,True,2,0.74,3,0.26,1,0.0,0,0.0,4,0.0,1,0 days 00:01:37
4,1,1,True,1,0.66,4,0.24,3,0.08,0,0.02,2,0.0,1,0 days 00:16:55
4,3,3,True,3,0.78,0,0.21,1,0.01,2,0.0,4,0.0,1,0 days 00:03:19
4,3,0,False,0,0.96,3,0.04,1,0.0,2,0.0,4,0.0,2,0 days 00:55:53
4,3,3,True,3,0.64,1,0.19,0,0.17,2,0.0,4,0.0,1,0 days 00:15:15
4,3,2,False,2,0.6165476190476191,3,0.3734523809523808,0,0.01,1,0.0,4,0.0,2,0 days 00:50:22
4,4,4,True,4,0.8,2,0.18,3,0.01,0,0.01,1,0.0,1,0 days 00:41:53
5,3,1,False,1,0.64,2,0.19416666666666665,3,0.15583333333333335,4,0.01,0,0.0,3,0 days 00:14:37
5,0,3,False,3,0.64,2,0.36,1,0.0,0,0.0,4,0.0,4,0 days 01:04:02
5,1,2,False,2,0.69,0,0.23,1,0.07,4,0.01,3,0.0,3,0 days 00:16:41
5,3,4,False,4,0.9,1,0.07,3,0.03,0,0.0,2,0.0,3,0 days 00:20:45
5,3,1,False,1,1.0,0,0.0,2,0.0,3,0.0,4,0.0,4,0 days 00:17:26
5,3,3,True,3,0.96,0,0.04,1,0.0,2,0.0,4,0.0,1,0 days 00:17:09
5,3,4,False,4,0.92,3,0.07,1,0.01,0,0.0,2,0.0,2,0 days 00:19:50
5,3,3,True,3,0.62,1,0.32,0,0.05,4,0.01,2,0.0,1,0 days 00:09:02
5,4,3,False,3,0.59,4,0.36,2,0.05,1,0.0,0,0.0,2,0 days 00:42:19
5,4,4,True,4,0.71,2,0.24,0,0.05,1,0.0,3,0.0,1,0 days 00:38:03
5,4,0,False,0,0.68,3,0.25,2,0.07,1,0.0,4,0.0,5,0 days 00:43:40
5,4,4,True,4,0.55,2,0.21,0,0.14,3,0.1,1,0.0,1,0 days 00:45:29
5,1,0,False,0,0.71,1,0.28,3,0.01,2,0.0,4,0.0,2,0 days 00:09:48
5,2,2,True,2,0.75,3,0.2,0,0.05,1,0.0,4,0.0,1,0 days 01:19:14
5,1,1,True,1,0.7,4,0.26,3,0.04,0,0.0,2,0.0,1,0 days 00:08:31
5,1,1,True,1,0.54,3,0.3636666666666667,0,0.09633333333333331,2,0.0,4,0.0,1,0 days 00:16:00
5,1,1,True,1,0.54,3,0.3636666666666667,0,0.09633333333333331,2,0.0,4,0.0,1,0 days 00:15:59
5,0,3,False,3,0.97,1,0.03,0,0.0,2,0.0,4,0.0,3,0 days 00:15:11
5,0,2,False,2,0.67,3,0.2,0,0.13,1,0.0,4,0.0,3,0 days 01:18:53
5,0,3,False,3,0.64,4,0.2,0,0.1,2,0.04,1,0.02,3,0 days 00:39:19
5,0,1,False,1,0.57,3,0.4,2,0.02,4,0.01,0,0.0,5,0 days 00:24:35
5,2,2,True,2,0.5206666666666666,0,0.47933333333333344,1,0.0,3,0.0,4,0.0,1,0 days 00:44:27
5,3,1,False,1,0.7,4,0.23,3,0.06,2,0.01,0,0.0,3,0 days 00:40:28
5,2,2,True,2,0.63,0,0.36,3,0.01,1,0.0,4,0.0,1,0 days 00:43:57
5,3,0,False,0,0.75,3,0.16,2,0.09,1,0.0,4,0.0,2,0 days 01:08:18
5,2,0,False,0,0.57,2,0.31,3,0.06,4,0.06,1,0.0,2,0 days 00:47:52
5,1,4,False,4,0.54,2,0.31,1,0.13,3,0.02,0,0.0,3,0 days 00:18:46
5,3,1,False,1,0.77,0,0.22,3,0.01,2,0.0,4,0.0,3,0 days 00:10:02
5,2,2,True,2,0.65,3,0.35,1,0.0,0,0.0,4,0.0,1,0 days 00:01:29
5,3,2,False,2,0.83,3,0.12,1,0.05,0,0.0,4,0.0,2,0 days 00:11:54
6,3,0,False,0,0.78,4,0.13,2,0.09,1,0.0,3,0.0,5,0 days 00:43:29
6,2,2,True,2,0.7401666666666666,3,0.2498333333333333,0,0.01,1,0.0,4,0.0,1,0 days 00:50:10
6,3,3,True,3,0.9,2,0.1,1,0.0,0,0.0,4,0.0,1,0 days 00:58:39
6,1,3,False,3,0.5175,1,0.4825000000000001,0,0.0,2,0.0,4,0.0,2,0 days 00:16:10
6,1,3,False,3,0.825,2,0.135,4,0.04,1,0.0,0,0.0,4,0 days 00:14:31
6,0,2,False,2,0.9893333333333334,0,0.010666666666666666,1,0.0,3,0.0,4,0.0,2,0 days 00:44:05
6,3,0,False,0,0.88,2,0.08833333333333332,3,0.03166666666666666,1,0.0,4,0.0,3,0 days 00:49:56
6,3,4,False,4,0.4648333333333333,0,0.42516666666666664,3,0.09,1,0.02,2,0.0,3,0 days 00:16:27
6,4,1,False,1,0.87,4,0.12,2,0.01,0,0.0,3,0.0,2,0 days 00:08:18
6,4,3,False,3,0.62,0,0.25,4,0.13,1,0.0,2,0.0,3,0 days 00:48:53
6,2,3,False,3,0.7,2,0.25,4,0.05,1,0.0,0,0.0,2,0 days 00:28:16
6,1,3,False,3,0.75,1,0.25,0,0.0,2,0.0,4,0.0,2,0 days 00:15:48
6,2,4,False,4,0.65,3,0.28,2,0.07,1,0.0,0,0.0,3,0 days 00:31:54
6,0,4,False,4,0.69,2,0.29,3,0.01,0,0.01,1,0.0,4,0 days 00:37:34
6,1,1,True,1,0.59,3,0.25,2,0.12,4,0.04,0,0.0,1,0 days 00:19:21
6,2,2,True,2,0.64,3,0.32,0,0.04,1,0.0,4,0.0,1,0 days 01:04:51
6,1,1,True,1,0.77,2,0.18,3,0.05,0,0.0,4,0.0,1,0 days 00:13:17
6,0,1,False,1,0.66,3,0.34,0,0.0,2,0.0,4,0.0,3,0 days 00:17:16
6,0,0,True,0,0.73,3,0.26,2,0.01,1,0.0,4,0.0,1,0 days 00:54:37
6,4,2,False,2,0.64,4,0.27,0,0.06,3,0.03,1,0.0,2,0 days 00:45:31
6,0,2,False,2,0.88,4,0.12,1,0.0,0,0.0,3,0.0,4,0 days 00:47:55
6,3,3,True,3,0.6,1,0.39,0,0.01,2,0.0,4,0.0,1,0 days 00:08:57
6,3,0,False,0,0.58,1,0.21,3,0.17,2,0.04,4,0.0,3,0 days 00:24:44
6,3,0,False,0,0.6,3,0.37,1,0.03,2,0.0,4,0.0,2,0 days 00:03:28
6,3,4,False,4,0.59,2,0.28,0,0.11,3,0.02,1,0.0,4,0 days 00:47:29
6,2,1,False,1,0.66,2,0.23,4,0.08,3,0.03,0,0.0,2,0 days 00:35:32
6,3,1,False,1,0.62,2,0.31,4,0.06,3,0.01,0,0.0,4,0 days 00:19:12
6,3,3,True,3,0.59,0,0.4,2,0.01,1,0.0,4,0.0,1,0 days 00:49:28
6,2,0,False,0,0.66,2,0.27,4,0.06,3,0.01,1,0.0,2,0 days 00:32:33
7,1,3,False,3,0.97,4,0.02,1,0.01,0,0.0,2,0.0,3,0 days 00:22:12
7,3,0,False,0,1.0,1,0.0,2,0.0,3,0.0,4,0.0,4,0 days 00:54:40
7,0,2,False,2,0.68,0,0.32,1,0.0,3,0.0,4,0.0,2,0 days 01:21:26
7,0,3,False,3,0.78,0,0.22,1,0.0,2,0.0,4,0.0,2,0 days 00:57:08
7,3,3,True,3,0.94,0,0.06,1,0.0,2,0.0,4,0.0,1,0 days 00:03:01
7,3,3,True,3,0.8551666666666666,1,0.14483333333333331,0,0.0,2,0.0,4,0.0,1,0 days 00:16:17
7,4,3,False,3,0.66,2,0.3,0,0.04,1,0.0,4,0.0,5,0 days 00:47:35
7,4,4,True,4,0.55,3,0.34,1,0.11,0,0.0,2,0.0,1,0 days 00:21:01
7,0,2,False,2,0.71,3,0.28,0,0.01,1,0.0,4,0.0,3,0 days 00:26:10
7,1,1,True,1,0.72,3,0.26,0,0.02,2,0.0,4,0.0,1,0 days 00:09:54
7,1,1,True,1,0.61,3,0.308,4,0.046,0,0.036000000000000004,2,0.0,1,0 days 00:16:24
7,0,1,False,1,0.67,3,0.26,0,0.07,2,0.0,4,0.0,3,0 days 00:09:51
7,2,0,False,0,0.55,2,0.33,1,0.12,3,0.0,4,0.0,2,0 days 00:53:35
7,0,3,False,3,0.97,4,0.03,1,0.0,0,0.0,2,0.0,4,0 days 00:22:32
7,2,0,False,0,0.71,2,0.2,4,0.08,3,0.01,1,0.0,2,0 days 00:32:22
7,1,1,True,1,0.8916666666666667,3,0.1,0,0.008333333333333333,2,0.0,4,0.0,1,0 days 00:17:33
7,1,2,False,2,0.6,4,0.26,1,0.11,3,0.03,0,0.0,3,0 days 00:18:56
7,2,3,False,3,0.8178333333333333,2,0.1821666666666667,1,0.0,0,0.0,4,0.0,2,0 days 00:50:29
7,2,0,False,0,0.63,2,0.37,1,0.0,3,0.0,4,0.0,2,0 days 00:44:26
7,3,3,True,3,0.6821428571428573,1,0.31785714285714284,0,0.0,2,0.0,4,0.0,1,0 days 00:15:40
7,2,1,False,1,0.7,2,0.16,3,0.14,0,0.0,4,0.0,2,0 days 00:12:19
7,3,0,False,0,0.61,3,0.29,4,0.1,1,0.0,2,0.0,2,0 days 00:45:18
7,3,2,False,2,0.99,0,0.01,1,0.0,3,0.0,4,0.0,4,0 days 01:01:34
7,3,3,True,3,0.93,4,0.06,1,0.01,0,0.0,2,0.0,1,0 days 00:21:53
7,3,0,False,0,0.83,4,0.15,2,0.02,1,0.0,3,0.0,5,0 days 00:39:01
7,3,2,False,2,0.88,3,0.11,4,0.01,1,0.0,0,0.0,2,0 days 00:28:16
7,2,2,True,2,0.61,0,0.31,4,0.08,1,0.0,3,0.0,1,0 days 00:33:02
7,3,3,True,3,0.86,4,0.14,1,0.0,0,0.0,2,0.0,1,0 days 00:23:00
7,4,2,False,2,0.84,0,0.1,3,0.03,4,0.03,1,0.0,4,0 days 00:33:27
8,1,3,False,3,0.77,0,0.22,2,0.01,1,0.0,4,0.0,4,0 days 00:03:48
8,0,3,False,3,0.5816666666666667,0,0.41833333333333333,1,0.0,2,0.0,4,0.0,2,0 days 00:57:07
8,2,2,True,2,0.73,0,0.16,3,0.11,1,0.0,4,0.0,1,0 days 01:03:22
8,3,2,False,2,0.63,0,0.24,4,0.125,3,0.005,1,0.0,4,0 days 00:31:01
8,2,1,False,1,0.6,4,0.4,2,0.0,0,0.0,3,0.0,3,0 days 00:07:32
8,3,0,False,0,0.64,1,0.29,3,0.06,4,0.01,2,0.0,3,0 days 00:22:34
8,4,1,False,1,0.92,2,0.05,3,0.03,0,0.0,4,0.0,5,0 days 00:16:50
8,1,1,True,1,0.6,4,0.35,3,0.05,0,0.0,2,0.0,1,0 days 00:06:19
8,0,0,True,0,0.92,3,0.07,4,0.01,1,0.0,2,0.0,1,0 days 00:46:28
8,0,2,False,2,1.0,0,0.0,1,0.0,3,0.0,4,0.0,2,0 days 00:44:30
8,0,2,False,2,1.0,0,0.0,1,0.0,3,0.0,4,0.0,2,0 days 00:44:26
8,1,3,False,3,0.66,1,0.34,0,0.0,2,0.0,4,0.0,2,0 days 00:15:36
8,4,4,True,4,0.695,0,0.19,3,0.11500000000000002,1,0.0,2,0.0,1,0 days 00:30:15
8,2,4,False,4,0.49583333333333324,3,0.4541666666666668,0,0.05,1,0.0,2,0.0,5,0 days 00:30:00
8,1,3,False,3,0.7465,1,0.2535,0,0.0,2,0.0,4,0.0,2,0 days 00:16:07
8,3,2,False,2,0.61,3,0.39,1,0.0,0,0.0,4,0.0,2,0 days 00:59:00
8,2,2,True,2,0.54,0,0.46,1,0.0,3,0.0,4,0.0,1,0 days 00:54:00
8,3,3,True,3,0.7848333333333334,1,0.21516666666666662,0,0.0,2,0.0,4,0.0,1,0 days 00:15:41
8,3,2,False,2,0.67,4,0.32,0,0.01,1,0.0,3,0.0,5,0 days 00:32:00
8,0,1,False,1,0.6,4,0.4,2,0.0,0,0.0,3,0.0,4,0 days 00:07:43
8,1,1,True,1,0.92,3,0.08,0,0.0,2,0.0,4,0.0,1,0 days 00:17:33
8,3,1,False,1,0.87,3,0.13,0,0.0,2,0.0,4,0.0,2,0 days 00:15:35
8,2,3,False,3,0.7743333333333333,2,0.22566666666666665,1,0.0,0,0.0,4,0.0,2,0 days 00:50:49
8,3,1,False,1,0.4429999999999999,0,0.40700000000000003,3,0.15,2,0.0,4,0.0,3,0 days 00:17:14
8,3,3,True,3,0.51,2,0.49,1,0.0,0,0.0,4,0.0,1,0 days 00:02:25
8,3,1,False,1,0.9,3,0.06016666666666667,0,0.03983333333333334,2,0.0,4,0.0,2,0 days 00:15:53
8,3,3,True,3,0.84,0,0.154,1,0.006,2,0.0,4,0.0,1,0 days 00:17:07
8,2,3,False,3,0.58,2,0.39,0,0.03,1,0.0,4,0.0,2,0 days 01:01:37
8,4,3,False,3,0.7033333333333335,2,0.2966666666666667,1,0.0,0,0.0,4,0.0,5,0 days 00:50:55
9,0,3,False,3,0.98,1,0.02,0,0.0,2,0.0,4,0.0,3,0 days 00:03:24
9,2,0,False,0,0.65,2,0.26,4,0.05,3,0.04,1,0.0,2,0 days 00:48:02
9,2,4,False,4,0.68,0,0.31,3,0.01,1,0.0,2,0.0,5,0 days 00:37:44
9,1,2,False,2,0.57,0,0.25,3,0.17,4,0.01,1,0.0,5,0 days 00:24:27
9,1,2,False,2,0.84,3,0.13,1,0.03,0,0.0,4,0.0,3,0 days 00:12:33
9,1,3,False,3,0.87,1,0.12,0,0.01,2,0.0,4,0.0,2,0 days 00:15:19
9,2,3,False,3,0.69,2,0.31,1,0.0,0,0.0,4,0.0,2,0 days 00:00:30
9,3,0,False,0,0.68,3,0.3,2,0.02,1,0.0,4,0.0,2,0 days 01:12:47
9,3,1,False,1,0.94,3,0.06,0,0.0,2,0.0,4,0.0,2,0 days 00:16:12
9,4,3,False,3,0.95,1,0.04,2,0.01,0,0.0,4,0.0,5,0 days 00:16:27
9,4,3,False,3,0.5271666666666666,2,0.45283333333333337,1,0.02,0,0.0,4,0.0,5,0 days 00:14:45
9,2,4,False,4,0.54,1,0.4,3,0.06,0,0.0,2,0.0,5,0 days 00:18:51
9,1,1,True,1,0.74,3,0.24,0,0.02,2,0.0,4,0.0,1,0 days 00:14:59
9,2,3,False,3,0.73,4,0.24,0,0.03,1,0.0,2,0.0,5,0 days 00:42:51
9,0,4,False,4,0.9001904761904762,2,0.05269047619047619,3,0.04711904761904762,1,0.0,0,0.0,5,0 days 00:30:30
9,0,0,True,0,0.73,2,0.27,1,0.0,3,0.0,4,0.0,1,0 days 01:21:32
9,2,0,False,0,0.73,2,0.27,1,0.0,3,0.0,4,0.0,2,0 days 01:21:23
9,0,0,True,0,0.72,3,0.28,1,0.0,2,0.0,4,0.0,1,0 days 00:55:31
9,0,3,False,3,0.95,1,0.04,2,0.01,0,0.0,4,0.0,4,0 days 00:16:27
9,3,1,False,1,0.88,3,0.12,0,0.0,2,0.0,4,0.0,2,0 days 00:16:22
9,3,4,False,4,0.65,0,0.3,3,0.05,1,0.0,2,0.0,3,0 days 00:48:57
9,3,2,False,2,0.57,3,0.3,0,0.12,4,0.01,1,0.0,2,0 days 00:24:24
9,3,0,False,0,0.78,2,0.22,1,0.0,3,0.0,4,0.0,4,0 days 01:29:13
9,1,3,False,3,0.91,2,0.07,1,0.02,0,0.0,4,0.0,3,0 days 00:16:29
9,3,0,False,0,0.56,2,0.39,3,0.05,1,0.0,4,0.0,3,0 days 01:04:16
9,3,0,False,0,0.5037857142857142,3,0.49621428571428583,1,0.0,2,0.0,4,0.0,2,0 days 00:15:58
9,3,0,False,0,0.86,3,0.14,1,0.0,2,0.0,4,0.0,2,0 days 00:57:08
9,3,3,True,3,0.735,0,0.26,2,0.005,1,0.0,4,0.0,1,0 days 00:49:25
9,4,3,False,3,0.71,4,0.2,1,0.09,0,0.0,2,0.0,2,0 days 00:20:46
10,0,0,True,0,0.71,3,0.27,2,0.02,1,0.0,4,0.0,1,0 days 00:54:38
10,2,3,False,3,0.5506666666666666,2,0.4493333333333334,1,0.0,0,0.0,4,0.0,2,0 days 00:50:18
10,0,0,True,0,0.94,2,0.04,4,0.02,1,0.0,3,0.0,1,0 days 00:46:17
10,0,3,False,3,0.63,1,0.25,0,0.09,2,0.03,4,0.0,3,0 days 00:52:46
10,3,1,False,1,0.93,3,0.07,0,0.0,2,0.0,4,0.0,2,0 days 00:16:06
10,2,3,False,3,0.66,4,0.33,1,0.01,0,0.0,2,0.0,5,0 days 00:14:44
10,4,4,True,4,0.34083333333333343,3,0.3377619047619047,2,0.3214047619047618,1,0.0,0,0.0,1,0 days 00:30:01
10,4,2,False,2,0.65,0,0.27,4,0.08,1,0.0,3,0.0,3,0 days 00:37:43
10,4,2,False,2,0.59,1,0.29,0,0.08,4,0.04,3,0.0,4,0 days 00:39:43
10,1,0,False,0,0.5109126984126986,3,0.48908730158730146,1,0.0,2,0.0,4,0.0,3,0 days 00:15:56
10,1,1,True,1,0.93,3,0.07,0,0.0,2,0.0,4,0.0,1,0 days 00:15:31
10,0,3,False,3,0.62,0,0.27,4,0.1,2,0.01,1,0.0,2,0 days 00:47:03
10,1,3,False,3,0.7820952380952382,1,0.16,0,0.04140476190476191,4,0.0165,2,0.0,2,0 days 00:16:23
10,2,1,False,1,0.5223333333333333,3,0.45433333333333337,0,0.021666666666666664,4,0.0016666666666666666,2,0.0,5,0 days 00:16:31
10,0,2,False,2,0.91,4,0.09,1,0.0,0,0.0,3,0.0,4,0 days 00:32:32
10,2,0,False,0,0.75,2,0.25,1,0.0,3,0.0,4,0.0,2,0 days 01:18:06
10,1,0,False,0,0.65,4,0.25,2,0.1,1,0.0,3,0.0,4,0 days 00:07:46
10,2,3,False,3,0.93,2,0.07,1,0.0,0,0.0,4,0.0,2,0 days 00:59:11
10,3,3,True,3,0.94,0,0.05,1,0.01,2,0.0,4,0.0,1,0 days 00:17:07
10,3,0,False,0,0.91,2,0.09,1,0.0,3,0.0,4,0.0,4,0 days 01:17:12
10,3,3,True,3,0.78,2,0.18,0,0.02,4,0.02,1,0.0,1,0 days 00:45:00
10,2,1,False,1,0.66,2,0.23,4,0.07,0,0.02,3,0.02,2,0 days 00:35:48
10,3,1,False,1,0.86,3,0.1275,0,0.0125,2,0.0,4,0.0,2,0 days 00:15:48
10,3,0,False,0,0.93,3,0.03,4,0.03,2,0.01,1,0.0,2,0 days 00:46:40
10,1,3,False,3,0.75,1,0.25,0,0.0,2,0.0,4,0.0,2,0 days 00:16:12
10,3,4,False,4,0.65,2,0.34,3,0.01,1,0.0,0,0.0,3,0 days 00:50:54
10,3,3,True,3,0.9249999999999998,0,0.075,1,0.0,2,0.0,4,0.0,1,0 days 00:57:26
10,3,2,False,2,0.68,3,0.22,1,0.08,0,0.01,4,0.01,2,0 days 00:24:17
10,4,2,False,2,0.81,3,0.11,4,0.08,1,0.0,0,0.0,3,0 days 00:31:53
