fold,true_cluster,predicted_cluster,correct,top1_cluster,top1_confidence,top2_cluster,top2_confidence,top3_cluster,top3_confidence,top4_cluster,top4_confidence,top5_cluster,top5_confidence,true_rank,hour,day_of_week
1,1,1,True,1,0.4925554591607223,3,0.2652195742853637,0,0.12209779840042995,2,0.12012716815348394,4,0.0,1,13.0,4.0
1,1,1,True,1,0.5141317876945146,3,0.25073111253361285,0,0.23513709977187222,2,0.0,4,0.0,1,13.0,1.0
1,0,0,True,0,0.5414168585394094,3,0.3971249962187862,1,0.061458145241804304,2,0.0,4,0.0,1,12.0,0.0
1,2,2,True,2,0.7550422077922074,4,0.24495779220779215,1,0.0,0,0.0,3,0.0,1,20.0,2.0
1,1,3,False,3,0.5929147602317965,1,0.3657437517307321,0,0.041341488037471515,2,0.0,4,0.0,2,12.0,1.0
1,3,1,False,1,0.4925554591607223,3,0.2652195742853637,0,0.12209779840042995,2,0.12012716815348394,4,0.0,2,13.0,4.0
1,3,1,False,1,0.5141317876945146,3,0.25073111253361285,0,0.23513709977187222,2,0.0,4,0.0,2,13.0,1.0
1,2,2,True,2,0.422642857142857,4,0.3573571428571429,0,0.19,1,0.03,3,0.0,1,19.0,5.0
1,0,3,False,3,0.6167655933453485,0,0.3832344066546516,1,0.0,2,0.0,4,0.0,2,12.0,2.0
1,3,2,False,2,0.6490158730158728,3,0.3174920634920634,1,0.025555555555555554,0,0.007936507936507936,4,0.0,2,13.0,3.0
1,4,4,True,4,0.45084126984126977,1,0.32207936507936497,2,0.22707936507936502,0,0.0,3,0.0,1,22.0,1.0
1,4,4,True,4,0.8283333333333333,2,0.135,1,0.025666666666666664,3,0.007333333333333334,0,0.003666666666666667,1,0.0,1.0
1,2,2,True,2,0.8941666666666666,1,0.05583333333333333,0,0.04416666666666666,3,0.005833333333333333,4,0.0,1,14.0,3.0
1,0,0,True,0,0.4833078898225957,3,0.26494222689075614,2,0.24566269841269836,1,0.006087184873949579,4,0.0,1,13.0,0.0
1,0,0,True,0,0.4833078898225957,3,0.26494222689075614,2,0.24566269841269836,1,0.006087184873949579,4,0.0,1,13.0,0.0
1,0,0,True,0,0.7485260524499655,2,0.24190873015873002,1,0.006956521739130434,3,0.002608695652173913,4,0.0,1,13.0,6.0
1,0,2,False,2,0.6485238095238093,4,0.3314761904761903,0,0.02,1,0.0,3,0.0,3,20.0,5.0
1,2,4,False,4,0.7971666666666667,2,0.19583333333333328,1,0.006999999999999999,0,0.0,3,0.0,2,22.0,0.0
1,1,1,True,1,0.6378333333333334,2,0.2458809523809524,4,0.07478571428571429,0,0.041499999999999995,3,0.0,1,21.0,1.0
1,2,2,True,2,0.9290714285714285,4,0.07092857142857142,1,0.0,0,0.0,3,0.0,1,19.0,2.0
1,3,3,True,3,0.47259748584748595,2,0.37229082029082017,1,0.14511169386169384,4,0.01,0,0.0,1,21.0,4.0
1,3,3,True,3,0.6167655933453485,0,0.3832344066546516,1,0.0,2,0.0,4,0.0,1,12.0,2.0
1,1,3,False,3,0.5915981413237608,1,0.326131004143775,2,0.0822708545324644,0,0.0,4,0.0,2,12.0,4.0
1,3,0,False,0,0.5414168585394094,3,0.3971249962187862,1,0.061458145241804304,2,0.0,4,0.0,2,12.0,0.0
1,3,3,True,3,0.6254893600551497,1,0.37451063994485045,0,0.0,2,0.0,4,0.0,1,11.0,1.0
1,3,1,False,1,0.758106088356088,3,0.24189391164391147,0,0.0,2,0.0,4,0.0,2,11.0,4.0
1,2,3,False,3,0.6988492063492062,2,0.29615079365079355,4,0.005,1,0.0,0,0.0,2,22.0,4.0
1,3,0,False,0,0.6538587588881706,3,0.3386412411118293,2,0.0075,1,0.0,4,0.0,2,13.0,2.0
1,4,2,False,2,0.831,4,0.16899999999999998,1,0.0,0,0.0,3,0.0,2,0.0,5.0
1,4,4,True,4,0.9540000000000001,2,0.025166666666666667,3,0.02083333333333333,1,0.0,0,0.0,1,1.0,3.0
2,1,1,True,1,0.709095238095238,2,0.13355952380952382,4,0.09117857142857144,0,0.06616666666666667,3,0.0,1,21.0,1.0
2,3,3,True,3,0.5289882944783159,1,0.43256753575719,0,0.038444169764494295,2,0.0,4,0.0,1,12.0,1.0
2,3,3,True,3,0.5289882944783159,1,0.43256753575719,0,0.038444169764494295,2,0.0,4,0.0,1,12.0,1.0
2,3,1,False,1,0.5477490947138345,3,0.2691459547129656,0,0.18310495057319995,2,0.0,4,0.0,2,13.0,1.0
2,3,3,True,3,0.5289882944783159,1,0.43256753575719,0,0.038444169764494295,2,0.0,4,0.0,1,12.0,1.0
2,0,0,True,0,0.5075502185999191,3,0.4924497814000809,1,0.0,2,0.0,4,0.0,1,12.0,0.0
2,3,3,True,3,0.85,2,0.1,0,0.04,1,0.01,4,0.0,1,14.0,5.0
2,0,3,False,3,0.6397743394083271,0,0.36022566059167277,1,0.0,2,0.0,4,0.0,2,12.0,2.0
2,3,0,False,0,0.5075502185999191,3,0.4924497814000809,1,0.0,2,0.0,4,0.0,2,12.0,0.0
2,4,4,True,4,0.58,1,0.1975,2,0.12199999999999997,0,0.06649999999999999,3,0.034,1,17.0,1.0
2,4,2,False,2,0.8768809523809525,4,0.09869047619047619,1,0.018428571428571426,3,0.006,0,0.0,2,22.0,0.0
2,4,4,True,4,0.48494841269841266,1,0.29330555555555543,2,0.22174603174603177,0,0.0,3,0.0,1,22.0,1.0
2,1,0,False,0,0.5075502185999191,3,0.4924497814000809,1,0.0,2,0.0,4,0.0,3,12.0,0.0
2,2,2,True,2,0.9749999999999999,4,0.025,1,0.0,0,0.0,3,0.0,1,19.0,2.0
2,0,0,True,0,0.5075502185999191,3,0.4924497814000809,1,0.0,2,0.0,4,0.0,1,12.0,0.0
2,2,3,False,3,0.586398629148629,2,0.22384199134199131,1,0.18975937950937952,0,0.0,4,0.0,2,21.0,4.0
2,1,3,False,3,0.5289882944783159,1,0.43256753575719,0,0.038444169764494295,2,0.0,4,0.0,2,12.0,1.0
2,0,0,True,0,0.3695714285714285,1,0.34016666666666673,3,0.2149285714285714,4,0.04,2,0.035333333333333335,1,16.0,1.0
2,0,1,False,1,0.5477490947138345,3,0.2691459547129656,0,0.18310495057319995,2,0.0,4,0.0,3,13.0,1.0
2,1,1,True,1,0.31771428571428567,4,0.285,2,0.2525,0,0.14478571428571432,3,0.0,1,19.0,1.0
2,3,3,True,3,0.586398629148629,2,0.22384199134199131,1,0.18975937950937952,0,0.0,4,0.0,1,21.0,4.0
2,1,3,False,3,0.6906331787837204,1,0.30936682121627923,0,0.0,2,0.0,4,0.0,2,11.0,1.0
2,3,3,True,3,0.5289882944783159,1,0.43256753575719,0,0.038444169764494295,2,0.0,4,0.0,1,12.0,1.0
2,1,1,True,1,0.6121165223665224,3,0.3878834776334776,0,0.0,2,0.0,4,0.0,1,11.0,4.0
2,2,2,True,2,0.7741666666666666,4,0.19,3,0.013333333333333334,1,0.0125,0,0.01,1,21.0,0.0
2,3,2,False,2,0.513313492063492,3,0.4866865079365079,1,0.0,0,0.0,4,0.0,2,22.0,4.0
2,2,1,False,1,0.5705093640879244,3,0.326398984744186,0,0.10309165116788956,2,0.0,4,0.0,4,13.0,4.0
2,2,2,True,2,0.47416666666666657,4,0.37916666666666665,3,0.14666666666666667,1,0.0,0,0.0,1,23.0,5.0
2,2,2,True,2,0.7901666666666667,4,0.1898333333333333,0,0.015037593984962405,3,0.0049624060150375935,1,0.0,1,0.0,0.0
2,4,4,True,4,0.95,3,0.032857142857142856,2,0.017142857142857144,1,0.0,0,0.0,1,1.0,3.0
3,0,0,True,0,0.7554155844155843,2,0.24458441558441557,1,0.0,3,0.0,4,0.0,1,13.0,6.0
3,2,2,True,2,0.9701666666666666,0,0.01,1,0.01,4,0.009833333333333333,3,0.0,1,21.0,2.0
3,1,3,False,3,0.4854882201132202,1,0.407595557220557,2,0.10691622266622261,0,0.0,4,0.0,2,12.0,4.0
3,3,3,True,3,0.5960704264019302,1,0.36605792737075105,0,0.03787164622731908,2,0.0,4,0.0,1,12.0,1.0
3,0,3,False,3,0.6365435248598719,0,0.3634564751401279,1,0.0,2,0.0,4,0.0,2,12.0,2.0
3,3,1,False,1,0.5056753905113849,3,0.31518629583052105,0,0.17913831365809418,2,0.0,4,0.0,2,13.0,1.0
3,3,3,True,3,0.5960704264019302,1,0.36605792737075105,0,0.03787164622731908,2,0.0,4,0.0,1,12.0,1.0
3,3,3,True,3,0.4854882201132202,1,0.407595557220557,2,0.10691622266622261,0,0.0,4,0.0,1,12.0,4.0
3,4,2,False,2,0.87,4,0.12,3,0.01,1,0.0,0,0.0,2,23.0,2.0
3,4,4,True,4,0.88,2,0.08,1,0.02152014652014652,0,0.01,3,0.008479853479853479,1,1.0,5.0
3,2,2,True,2,0.9701666666666666,0,0.01,1,0.01,4,0.009833333333333333,3,0.0,1,21.0,2.0
3,1,3,False,3,0.671356486736518,1,0.3286435132634821,0,0.0,2,0.0,4,0.0,2,11.0,1.0
3,0,3,False,3,0.6365435248598719,0,0.3634564751401279,1,0.0,2,0.0,4,0.0,2,12.0,2.0
3,2,2,True,2,0.6822380952380952,4,0.31633333333333336,0,0.0014285714285714286,1,0.0,3,0.0,1,20.0,2.0
3,1,1,True,1,0.5056753905113849,3,0.31518629583052105,0,0.17913831365809418,2,0.0,4,0.0,1,13.0,1.0
3,1,3,False,3,0.5960704264019302,1,0.36605792737075105,0,0.03787164622731908,2,0.0,4,0.0,2,12.0,1.0
3,2,2,True,2,0.6822380952380952,4,0.31633333333333336,0,0.0014285714285714286,1,0.0,3,0.0,1,20.0,2.0
3,2,2,True,2,0.9146666666666667,4,0.05533333333333333,1,0.02,0,0.01,3,0.0,1,19.0,2.0
3,0,1,False,1,0.5056753905113849,3,0.31518629583052105,0,0.17913831365809418,2,0.0,4,0.0,3,13.0,1.0
3,4,4,True,4,0.5791666666666667,0,0.25999999999999995,1,0.06,2,0.0575,3,0.04333333333333333,1,18.0,4.0
3,0,0,True,0,0.6270025252525254,2,0.20258549783549779,3,0.17041197691197688,1,0.0,4,0.0,1,13.0,0.0
3,2,2,True,2,0.47200000000000003,1,0.22,4,0.1825,0,0.1235,3,0.002,1,18.0,0.0
3,1,1,True,1,0.5056753905113849,3,0.31518629583052105,0,0.17913831365809418,2,0.0,4,0.0,1,13.0,1.0
3,1,3,False,3,0.5960704264019302,1,0.36605792737075105,0,0.03787164622731908,2,0.0,4,0.0,2,12.0,1.0
3,3,1,False,1,0.7416074619824619,3,0.2583925380175379,0,0.0,2,0.0,4,0.0,2,11.0,4.0
3,3,0,False,0,0.46059523809523817,3,0.30744047619047626,4,0.23196428571428562,1,0.0,2,0.0,2,15.0,4.0
3,3,3,True,3,0.6365435248598719,0,0.3634564751401279,1,0.0,2,0.0,4,0.0,1,12.0,2.0
3,3,3,True,3,0.671356486736518,1,0.3286435132634821,0,0.0,2,0.0,4,0.0,1,11.0,1.0
3,3,3,True,3,0.4854882201132202,1,0.407595557220557,2,0.10691622266622261,0,0.0,4,0.0,1,12.0,4.0
3,4,2,False,2,0.82,4,0.18,1,0.0,0,0.0,3,0.0,2,0.0,2.0
4,3,3,True,3,0.83,2,0.12,0,0.03875,1,0.01125,4,0.0,1,14.0,5.0
4,0,0,True,0,0.49276069381380105,3,0.44820789843110526,1,0.05903140775509381,2,0.0,4,0.0,1,12.0,0.0
4,1,3,False,3,0.5329557991028581,1,0.3754607663578249,2,0.09158343453931687,0,0.0,4,0.0,2,12.0,4.0
4,3,2,False,2,0.6430595238095238,3,0.17795707070707067,0,0.13796103896103895,1,0.041022366522366516,4,0.0,2,13.0,5.0
4,3,3,True,3,0.5329557991028581,1,0.3754607663578249,2,0.09158343453931687,0,0.0,4,0.0,1,12.0,4.0
4,2,2,True,2,0.5269126984126985,4,0.41066666666666657,3,0.04087301587301588,1,0.021547619047619048,0,0.0,1,21.0,3.0
4,3,1,False,1,0.5408277401563005,3,0.23266362086485912,0,0.1151921289065252,2,0.11131651007231498,4,0.0,2,13.0,4.0
4,3,3,True,3,0.4418323343323344,2,0.39926523476523484,1,0.15890243090243086,0,0.0,4,0.0,1,21.0,4.0
4,4,4,True,4,0.71,2,0.16166666666666665,0,0.11166666666666666,1,0.013333333333333332,3,0.003333333333333333,1,19.0,4.0
4,4,2,False,2,0.9966666666666666,0,0.003333333333333333,1,0.0,3,0.0,4,0.0,5,20.0,2.0
4,4,4,True,4,0.6388214285714285,2,0.20563888888888882,1,0.1285298786181139,3,0.02147058823529412,0,0.00553921568627451,1,23.0,1.0
4,1,1,True,1,0.4326901286816842,3,0.34778035197444906,0,0.2195295193438663,2,0.0,4,0.0,1,13.0,1.0
4,0,3,False,3,0.5884029971639396,0,0.41159700283606043,1,0.0,2,0.0,4,0.0,2,12.0,2.0
4,1,3,False,3,0.7420166260038552,1,0.25798337399614485,0,0.0,2,0.0,4,0.0,2,11.0,1.0
4,1,1,True,1,0.6134133921633923,3,0.3865866078366078,0,0.0,2,0.0,4,0.0,1,11.0,4.0
4,2,0,False,0,0.774732323232323,3,0.22526767676767673,1,0.0,2,0.0,4,0.0,4,13.0,0.0
4,0,0,True,0,0.49276069381380105,3,0.44820789843110526,1,0.05903140775509381,2,0.0,4,0.0,1,12.0,0.0
4,2,4,False,4,0.6868333333333335,2,0.2931666666666667,3,0.02,1,0.0,0,0.0,2,23.0,2.0
4,1,1,True,1,0.4326901286816842,3,0.34778035197444906,0,0.2195295193438663,2,0.0,4,0.0,1,13.0,1.0
4,0,2,False,2,0.6129761904761906,4,0.29,0,0.057023809523809525,1,0.03,3,0.01,3,18.0,5.0
4,0,3,False,3,0.641857960409044,0,0.33760437189229753,1,0.013871001031991743,2,0.006666666666666666,4,0.0,2,13.0,2.0
4,2,2,True,2,0.8308333333333333,4,0.12916666666666665,0,0.023454545454545457,3,0.014321678321678322,1,0.002223776223776224,1,0.0,0.0
4,3,3,True,3,0.5884029971639396,0,0.41159700283606043,1,0.0,2,0.0,4,0.0,1,12.0,2.0
4,2,2,True,2,0.9179166666666666,0,0.057416666666666664,1,0.013000000000000001,3,0.011666666666666665,4,0.0,1,14.0,3.0
4,1,3,False,3,0.7420166260038552,1,0.25798337399614485,0,0.0,2,0.0,4,0.0,2,11.0,1.0
4,3,3,True,3,0.5568113133785966,1,0.41207699847644996,0,0.03111168814495324,2,0.0,4,0.0,1,12.0,1.0
4,3,3,True,3,0.5884029971639396,0,0.41159700283606043,1,0.0,2,0.0,4,0.0,1,12.0,2.0
4,3,3,True,3,0.7420166260038552,1,0.25798337399614485,0,0.0,2,0.0,4,0.0,1,11.0,1.0
4,3,2,False,2,0.7091666666666666,3,0.29083333333333333,1,0.0,0,0.0,4,0.0,2,13.0,3.0
4,4,2,False,2,0.6964761904761905,0,0.27352380952380945,4,0.03,1,0.0,3,0.0,3,20.0,5.0
5,3,3,True,3,0.5397763347763348,0,0.3757175324675325,4,0.06783946608946609,2,0.016666666666666666,1,0.0,1,15.0,5.0
5,0,3,False,3,0.7490336593448434,1,0.12463980168798384,0,0.08767083356146754,2,0.038655705405705405,4,0.0,3,12.0,6.0
5,1,3,False,3,0.3780881063381063,1,0.35860546398046395,0,0.13426255688755687,2,0.12904387279387275,4,0.0,2,13.0,4.0
5,3,3,True,3,0.33671428571428563,0,0.3286071428571429,2,0.3146785714285714,1,0.02,4,0.0,1,14.0,1.0
5,3,3,True,3,0.5397763347763348,0,0.3757175324675325,4,0.06783946608946609,2,0.016666666666666666,1,0.0,1,15.0,5.0
5,3,1,False,1,0.5031396457355032,3,0.26977161288654744,0,0.22708874137794907,2,0.0,4,0.0,2,13.0,1.0
5,3,3,True,3,0.528515812618754,1,0.4007313642240112,2,0.0707528231572349,0,0.0,4,0.0,1,12.0,4.0
5,3,3,True,3,0.47820779220779214,2,0.3214552669552669,1,0.20033694083694079,0,0.0,4,0.0,1,21.0,4.0
5,4,4,True,4,0.5820000000000001,2,0.39366666666666666,0,0.012333333333333332,1,0.012,3,0.0,1,20.0,0.0
5,4,2,False,2,0.9028333333333333,1,0.06683333333333333,3,0.0175,4,0.012833333333333332,0,0.0,4,21.0,3.0
5,4,4,True,4,0.9440000000000001,3,0.036444170208876095,1,0.01955582979112391,0,0.0,2,0.0,1,1.0,1.0
5,4,4,True,4,0.7193333333333334,2,0.2476190476190476,3,0.03304761904761905,1,0.0,0,0.0,1,0.0,3.0
5,1,1,True,1,0.425079365079365,0,0.42442857142857143,2,0.1272063492063492,3,0.023285714285714288,4,0.0,1,14.0,4.0
5,2,2,True,2,0.7310476190476192,0,0.19761904761904758,3,0.07133333333333333,1,0.0,4,0.0,1,14.0,6.0
5,1,3,False,3,0.3780881063381063,1,0.35860546398046395,0,0.13426255688755687,2,0.12904387279387275,4,0.0,2,13.0,4.0
5,1,1,True,1,0.6378497058497057,3,0.36215029415029415,0,0.0,2,0.0,4,0.0,1,11.0,4.0
5,1,3,False,3,0.703468131369834,1,0.2965318686301657,0,0.0,2,0.0,4,0.0,2,11.0,1.0
5,0,3,False,3,0.33671428571428563,0,0.3286071428571429,2,0.3146785714285714,1,0.02,4,0.0,2,14.0,1.0
5,0,0,True,0,0.7317936507936507,2,0.2682063492063491,1,0.0,3,0.0,4,0.0,1,13.0,6.0
5,0,0,True,0,0.28049314574314577,2,0.265,3,0.2557431457431457,4,0.1587637085137085,1,0.04,1,15.0,3.0
5,0,1,False,1,0.58,0,0.3420238095238095,3,0.03528571428571428,4,0.025357142857142856,2,0.017333333333333333,2,15.0,1.0
5,2,4,False,4,0.675920634920635,1,0.324079365079365,2,0.0,0,0.0,3,0.0,3,22.0,1.0
5,3,0,False,0,0.7961583694083691,2,0.19584163059163054,3,0.006999999999999999,1,0.001,4,0.0,3,13.0,0.0
5,2,4,False,4,0.6680000000000001,2,0.31485714285714284,0,0.017142857142857144,1,0.0,3,0.0,2,23.0,0.0
5,3,3,True,3,0.5603647601254109,0,0.43963523987458897,1,0.0,2,0.0,4,0.0,1,12.0,2.0
5,2,3,False,3,0.8069256854256852,0,0.12220310245310245,2,0.04390187590187589,1,0.026969336219336216,4,0.0,3,13.0,5.0
5,1,3,False,3,0.6039569162794247,1,0.36930181654603833,0,0.026741267174537047,2,0.0,4,0.0,2,12.0,1.0
5,3,2,False,2,0.6154891774891775,3,0.23758441558441562,4,0.1366666666666667,1,0.005584415584415584,0,0.004675324675324675,2,23.0,4.0
5,2,3,False,3,0.616288961038961,2,0.3582499999999999,1,0.01475974025974026,0,0.010701298701298701,4,0.0,2,13.0,3.0
5,3,2,False,2,0.6154891774891775,3,0.23758441558441562,4,0.1366666666666667,1,0.005584415584415584,0,0.004675324675324675,2,23.0,4.0
6,3,1,False,1,0.45906485181485196,3,0.2550254467754467,0,0.14689097014097016,2,0.13901873126873124,4,0.0,2,13.0,4.0
6,2,3,False,3,0.6030357142857142,2,0.38582142857142854,0,0.006857142857142857,1,0.004285714285714285,4,0.0,2,13.0,3.0
6,3,3,True,3,0.6135272635589435,0,0.38647273644105645,1,0.0,2,0.0,4,0.0,1,12.0,2.0
6,1,1,True,1,0.48754257218641717,3,0.2623617784602439,0,0.2500956493533387,2,0.0,4,0.0,1,13.0,1.0
6,1,3,False,3,0.5648645857017442,1,0.397824066413793,0,0.037311347884462755,2,0.0,4,0.0,2,12.0,1.0
6,0,0,True,0,0.5034403753597168,3,0.437371342222293,1,0.059188282417990304,2,0.0,4,0.0,1,12.0,0.0
6,3,3,True,3,0.5101206660986073,1,0.4113483191644955,2,0.07853101473689708,0,0.0,4,0.0,1,12.0,4.0
6,3,3,True,3,0.5648645857017442,1,0.397824066413793,0,0.037311347884462755,2,0.0,4,0.0,1,12.0,1.0
6,4,4,True,4,0.78,2,0.18,3,0.016388888888888887,1,0.013611111111111112,0,0.01,1,1.0,6.0
6,4,4,True,4,0.82,2,0.156,3,0.024,1,0.0,0,0.0,1,0.0,3.0
6,2,4,False,4,0.5356666666666665,0,0.3985000000000001,2,0.06583333333333333,1,0.0,3,0.0,3,20.0,5.0
6,1,3,False,3,0.5648645857017442,1,0.397824066413793,0,0.037311347884462755,2,0.0,4,0.0,2,12.0,1.0
6,2,3,False,3,0.67257215007215,2,0.16811002886002874,1,0.15931782106782108,0,0.0,4,0.0,2,21.0,4.0
6,0,3,False,3,0.6135272635589435,0,0.38647273644105645,1,0.0,2,0.0,4,0.0,2,12.0,2.0
6,1,1,True,1,0.48754257218641717,3,0.2623617784602439,0,0.2500956493533387,2,0.0,4,0.0,1,13.0,1.0
6,2,0,False,0,0.99,2,0.005714285714285714,3,0.004285714285714285,1,0.0,4,0.0,2,13.0,6.0
6,1,1,True,1,0.45906485181485196,3,0.2550254467754467,0,0.14689097014097016,2,0.13901873126873124,4,0.0,1,13.0,4.0
6,0,3,False,3,0.5382023809523812,0,0.27275793650793645,2,0.1890396825396825,1,0.0,4,0.0,2,14.0,1.0
6,0,0,True,0,0.37781746031746016,3,0.37649206349206354,2,0.23569047619047617,1,0.01,4,0.0,1,14.0,2.0
6,4,4,True,4,0.8014487179487179,1,0.15791483516483518,2,0.030993589743589744,3,0.007142857142857143,0,0.0025,1,3.0,1.0
6,0,0,True,0,0.5034403753597168,3,0.437371342222293,1,0.059188282417990304,2,0.0,4,0.0,1,12.0,0.0
6,3,1,False,1,0.48754257218641717,3,0.2623617784602439,0,0.2500956493533387,2,0.0,4,0.0,2,13.0,1.0
6,3,3,True,3,0.6033648220114938,1,0.396635177988506,0,0.0,2,0.0,4,0.0,1,11.0,1.0
6,3,3,True,3,0.5648645857017442,1,0.397824066413793,0,0.037311347884462755,2,0.0,4,0.0,1,12.0,1.0
6,3,0,False,0,0.5034403753597168,3,0.437371342222293,1,0.059188282417990304,2,0.0,4,0.0,2,12.0,0.0
6,2,4,False,4,0.5356666666666665,0,0.3985000000000001,2,0.06583333333333333,1,0.0,3,0.0,3,20.0,5.0
6,3,3,True,3,0.5648645857017442,1,0.397824066413793,0,0.037311347884462755,2,0.0,4,0.0,1,12.0,1.0
6,3,2,False,2,0.6916666666666668,3,0.1965848595848596,1,0.11174847374847374,0,0.0,4,0.0,2,11.0,3.0
6,2,4,False,4,0.8675,2,0.12250000000000001,0,0.006875,3,0.003125,1,0.0,2,0.0,2.0
7,1,3,False,3,0.6093723022532277,1,0.3518994513708089,0,0.038728246375963296,2,0.0,4,0.0,2,12.0,1.0
7,3,0,False,0,0.5727396803075829,3,0.37201523209117704,1,0.05524508760124009,2,0.0,4,0.0,2,12.0,0.0
7,0,3,False,3,0.6340144895079645,0,0.3659855104920354,1,0.0,2,0.0,4,0.0,2,12.0,2.0
7,0,3,False,3,0.6340144895079645,0,0.3659855104920354,1,0.0,2,0.0,4,0.0,2,12.0,2.0
7,3,3,True,3,0.6093723022532277,1,0.3518994513708089,0,0.038728246375963296,2,0.0,4,0.0,1,12.0,1.0
7,3,3,True,3,0.9066666666666666,2,0.04333333333333333,1,0.025,0,0.025,4,0.0,1,14.0,5.0
7,4,4,True,4,0.71,2,0.26125541125541124,3,0.028744588744588743,1,0.0,0,0.0,1,19.0,4.0
7,4,4,True,4,0.9335,2,0.05916666666666666,1,0.007333333333333334,0,0.0,3,0.0,1,0.0,1.0
7,0,2,False,2,0.6757673160173161,4,0.2145,3,0.10073268398268401,0,0.009000000000000001,1,0.0,4,20.0,4.0
7,1,1,True,1,0.5049236973861166,3,0.32339588282663606,0,0.17168041978724705,2,0.0,4,0.0,1,13.0,1.0
7,1,3,False,3,0.6093723022532277,1,0.3518994513708089,0,0.038728246375963296,2,0.0,4,0.0,2,12.0,1.0
7,0,1,False,1,0.5049236973861166,3,0.32339588282663606,0,0.17168041978724705,2,0.0,4,0.0,3,13.0,1.0
7,2,4,False,4,0.7146190476190476,2,0.2763809523809524,0,0.006999999999999999,1,0.002,3,0.0,2,20.0,3.0
7,0,3,False,3,0.5132539682539682,4,0.25215873015873,0,0.21708730158730155,1,0.0175,2,0.0,3,15.0,4.0
7,2,2,True,2,0.9875,4,0.0125,1,0.0,0,0.0,3,0.0,1,21.0,2.0
7,1,3,False,3,0.667077561327561,2,0.33292243867243854,1,0.0,0,0.0,4,0.0,3,21.0,4.0
7,1,3,False,3,0.6093723022532277,1,0.3518994513708089,0,0.038728246375963296,2,0.0,4,0.0,2,12.0,1.0
7,2,4,False,4,0.7146190476190476,2,0.2763809523809524,0,0.006999999999999999,1,0.002,3,0.0,2,20.0,3.0
7,2,4,False,4,0.4877380952380952,2,0.48573412698412693,3,0.026527777777777775,1,0.0,0,0.0,2,22.0,5.0
7,3,3,True,3,0.38505158730158734,4,0.31695634920634913,0,0.2504920634920635,2,0.03,1,0.0175,1,16.0,4.0
7,2,2,True,2,0.6815357142857144,4,0.28335317460317466,1,0.017333333333333333,3,0.01611111111111111,0,0.0016666666666666666,1,22.0,2.0
7,3,0,False,0,0.5727396803075829,3,0.37201523209117704,1,0.05524508760124009,2,0.0,4,0.0,2,12.0,0.0
7,3,3,True,3,0.6340144895079645,0,0.3659855104920354,1,0.0,2,0.0,4,0.0,1,12.0,2.0
7,3,3,True,3,0.5933353522982004,1,0.40666464770179933,0,0.0,2,0.0,4,0.0,1,11.0,1.0
7,3,3,True,3,0.5948097952875853,1,0.2362913280210923,2,0.1345706238206238,0,0.03432825287069845,4,0.0,1,12.0,3.0
7,3,3,True,3,0.5933353522982004,1,0.40666464770179933,0,0.0,2,0.0,4,0.0,1,11.0,1.0
7,2,4,False,4,0.51,2,0.49,1,0.0,0,0.0,3,0.0,2,0.0,6.0
7,3,3,True,3,0.6093723022532277,1,0.3518994513708089,0,0.038728246375963296,2,0.0,4,0.0,1,12.0,1.0
7,4,4,True,4,0.7453333333333333,2,0.15266666666666667,3,0.0617672615052646,0,0.031762150259441284,1,0.008470588235294119,1,2.0,2.0
8,1,4,False,4,0.7252857142857141,2,0.2547142857142856,1,0.01,0,0.01,3,0.0,3,22.0,1.0
8,0,3,False,3,0.48941440526603874,0,0.46548502002131764,2,0.02958333333333333,4,0.01,1,0.005517241379310344,2,13.0,2.0
8,2,2,True,2,0.8100952380952378,4,0.18990476190476188,1,0.0,0,0.0,3,0.0,1,20.0,2.0
8,3,3,True,3,0.5464906843105043,1,0.41433487058279994,0,0.03917444510669582,2,0.0,4,0.0,1,12.0,1.0
8,2,0,False,0,0.49897786131996663,3,0.4462852965747704,2,0.05,1,0.004736842105263157,4,0.0,3,14.0,1.0
8,3,3,True,3,0.5464906843105043,1,0.41433487058279994,0,0.03917444510669582,2,0.0,4,0.0,1,12.0,1.0
8,4,4,True,4,0.6212777777777778,2,0.29196969696969693,3,0.04862121212121212,0,0.03361111111111111,1,0.004520202020202021,1,21.0,5.0
8,1,3,False,3,0.5464906843105043,1,0.41433487058279994,0,0.03917444510669582,2,0.0,4,0.0,2,12.0,1.0
8,0,0,True,0,0.49730803883173,3,0.457183386053755,1,0.04550857511451487,2,0.0,4,0.0,1,12.0,0.0
8,0,0,True,0,0.6188499694749693,2,0.20396184371184367,3,0.1716204212454212,1,0.005567765567765568,4,0.0,1,13.0,0.0
8,0,3,False,3,0.6822023809523811,0,0.30713095238095234,1,0.007666666666666666,2,0.003,4,0.0,2,15.0,4.0
8,1,0,False,0,0.9148333333333334,3,0.06516666666666666,1,0.01,2,0.01,4,0.0,3,15.0,1.0
8,4,2,False,2,0.7527380952380952,4,0.22583333333333336,3,0.02142857142857143,1,0.0,0,0.0,2,22.0,5.0
8,2,4,False,4,0.5025000000000001,2,0.4649999999999999,3,0.02875,1,0.00375,0,0.0,2,21.0,3.0
8,1,1,True,1,0.67,4,0.24952380952380954,2,0.07797619047619048,0,0.0025,3,0.0,1,20.0,1.0
8,3,3,True,3,0.48941440526603874,0,0.46548502002131764,2,0.02958333333333333,4,0.01,1,0.005517241379310344,1,13.0,2.0
8,2,1,False,1,0.67,4,0.24952380952380954,2,0.07797619047619048,0,0.0025,3,0.0,3,20.0,1.0
8,3,2,False,2,0.555866883116883,3,0.4424664502164502,1,0.0016666666666666666,0,0.0,4,0.0,2,22.0,4.0
8,3,3,True,3,0.5390979536888979,1,0.3631254114392658,2,0.09777663487183609,0,0.0,4,0.0,1,12.0,4.0
8,0,1,False,1,0.67,4,0.24952380952380954,2,0.07797619047619048,0,0.0025,3,0.0,4,20.0,1.0
8,1,3,False,3,0.5390979536888979,1,0.3631254114392658,2,0.09777663487183609,0,0.0,4,0.0,2,12.0,4.0
8,3,2,False,2,0.555866883116883,3,0.4424664502164502,1,0.0016666666666666666,0,0.0,4,0.0,2,22.0,4.0
8,2,3,False,3,0.8351136363636364,1,0.13143398268398265,2,0.019166666666666665,4,0.01,0,0.004285714285714285,3,11.0,3.0
8,3,3,True,3,0.5464906843105043,1,0.41433487058279994,0,0.03917444510669582,2,0.0,4,0.0,1,12.0,1.0
8,3,3,True,3,0.5464906843105043,1,0.41433487058279994,0,0.03917444510669582,2,0.0,4,0.0,1,12.0,1.0
8,3,3,True,3,0.6083483411508547,1,0.391651658849145,0,0.0,2,0.0,4,0.0,1,11.0,1.0
8,3,1,False,1,0.5269028810123308,0,0.24043820831351478,3,0.23265891067415406,2,0.0,4,0.0,3,13.0,1.0
8,2,2,True,2,0.7527380952380952,4,0.22583333333333336,3,0.02142857142857143,1,0.0,0,0.0,1,22.0,5.0
8,4,3,False,3,0.6822023809523811,0,0.30713095238095234,1,0.007666666666666666,2,0.003,4,0.0,5,15.0,4.0
9,0,2,False,2,0.46777380952380954,0,0.2901428571428572,3,0.18933333333333333,1,0.03166666666666667,4,0.021083333333333332,2,15.0,6.0
9,2,2,True,2,0.9850000000000001,4,0.015,1,0.0,0,0.0,3,0.0,1,21.0,2.0
9,2,2,True,2,0.7609999999999999,4,0.195,1,0.03,0,0.00857142857142857,3,0.005428571428571429,1,21.0,0.0
9,1,1,True,1,0.6774722222222223,3,0.16675,2,0.08875,4,0.03716666666666667,0,0.029861111111111113,1,14.0,4.0
9,1,3,False,3,0.6484524277322266,1,0.3515475722677733,0,0.0,2,0.0,4,0.0,2,12.0,4.0
9,1,1,True,1,0.48366379943473753,3,0.30383228051244593,0,0.21250392005281618,2,0.0,4,0.0,1,13.0,1.0
9,2,3,False,3,0.6876457431457429,2,0.3123542568542567,1,0.0,0,0.0,4,0.0,2,22.0,4.0
9,3,3,True,3,0.5135066452334154,0,0.48649335476658456,1,0.0,2,0.0,4,0.0,1,12.0,2.0
9,3,0,False,0,0.4997142857142856,3,0.26820238095238086,2,0.22874999999999993,4,0.003333333333333333,1,0.0,2,14.0,1.0
9,4,4,True,4,0.58,0,0.2225,1,0.1475,3,0.05,2,0.0,1,17.0,1.0
9,4,2,False,2,0.9537142857142856,4,0.03095238095238095,0,0.008666666666666666,1,0.006666666666666666,3,0.0,2,20.0,3.0
9,2,3,False,3,0.6484524277322266,1,0.3515475722677733,0,0.0,2,0.0,4,0.0,4,12.0,4.0
9,1,1,True,1,0.48366379943473753,3,0.30383228051244593,0,0.21250392005281618,2,0.0,4,0.0,1,13.0,1.0
9,2,2,True,2,0.47191666666666665,4,0.25,0,0.13534523809523807,3,0.13273809523809527,1,0.01,1,17.0,0.0
9,0,1,False,1,0.6774722222222223,3,0.16675,2,0.08875,4,0.03716666666666667,0,0.029861111111111113,5,14.0,4.0
9,0,0,True,0,0.7243762939958591,2,0.267797619047619,1,0.004347826086956522,3,0.003478260869565217,4,0.0,1,13.0,6.0
9,2,2,True,2,0.7390238095238096,0,0.17847619047619045,3,0.0825,1,0.0,4,0.0,1,14.0,6.0
9,0,0,True,0,0.6933809523809523,3,0.14828571428571427,2,0.09875,1,0.05833333333333334,4,0.00125,1,15.0,2.0
9,0,3,False,3,0.5947635253650523,1,0.4052364746349478,0,0.0,2,0.0,4,0.0,3,12.0,1.0
9,3,0,False,0,0.4514047619047619,3,0.2973333333333332,4,0.25126190476190474,1,0.0,2,0.0,2,15.0,4.0
9,3,0,False,0,0.5768770866709239,3,0.37337536668066945,1,0.04974754664840662,2,0.0,4,0.0,2,12.0,0.0
9,3,1,False,1,0.6821835109335105,3,0.3178164890664889,0,0.0,2,0.0,4,0.0,2,11.0,4.0
9,3,0,False,0,0.6357997936016512,3,0.2112897519947372,1,0.11124378773694486,2,0.021666666666666664,4,0.02,2,12.0,6.0
9,1,1,True,1,0.6821835109335105,3,0.3178164890664889,0,0.0,2,0.0,4,0.0,1,11.0,4.0
9,3,3,True,3,0.5135066452334154,0,0.48649335476658456,1,0.0,2,0.0,4,0.0,1,12.0,2.0
9,3,3,True,3,0.6062773513466236,1,0.3937226486533762,0,0.0,2,0.0,4,0.0,1,11.0,1.0
9,3,3,True,3,0.5135066452334154,0,0.48649335476658456,1,0.0,2,0.0,4,0.0,1,12.0,2.0
9,3,0,False,0,0.5768770866709239,3,0.37337536668066945,1,0.04974754664840662,2,0.0,4,0.0,2,12.0,0.0
9,4,4,True,4,0.7045,2,0.23825000000000002,0,0.04075,1,0.0165,3,0.0,1,20.0,0.0
10,0,1,False,1,0.5233641170680273,3,0.3091717162540623,0,0.1674641666779101,2,0.0,4,0.0,3,13.0,1.0
10,2,3,False,3,0.6920335497835498,2,0.30796645021645025,1,0.0,0,0.0,4,0.0,2,22.0,4.0
10,0,0,True,0,0.5020171163881959,3,0.4317585768660676,1,0.06622430674573623,2,0.0,4,0.0,1,12.0,0.0
10,0,0,True,0,0.5020171163881959,3,0.4317585768660676,1,0.06622430674573623,2,0.0,4,0.0,1,12.0,0.0
10,3,3,True,3,0.5676913570554446,1,0.38485530671818863,0,0.047453336226366466,2,0.0,4,0.0,1,12.0,1.0
10,2,0,False,0,0.67,4,0.12083333333333333,2,0.11596969696969697,3,0.07835930735930735,1,0.014837662337662337,3,20.0,4.0
10,4,4,True,4,0.6789999999999999,2,0.22574084249084247,3,0.041911172161172155,1,0.030681318681318678,0,0.022666666666666665,1,21.0,5.0
10,4,4,True,4,0.44179761904761894,1,0.3131507936507935,2,0.2450515873015872,0,0.0,3,0.0,1,22.0,1.0
10,4,2,False,2,0.8126666666666666,4,0.15333333333333332,0,0.022000000000000002,1,0.01,3,0.002,2,23.0,0.0
10,1,3,False,3,0.5676913570554446,1,0.38485530671818863,0,0.047453336226366466,2,0.0,4,0.0,2,12.0,1.0
10,1,1,True,1,0.48797240259740265,3,0.38602509990010003,2,0.12600249750249748,0,0.0,4,0.0,1,13.0,4.0
10,0,0,True,0,0.5020171163881959,3,0.4317585768660676,1,0.06622430674573623,2,0.0,4,0.0,1,12.0,0.0
10,1,1,True,1,0.5696446608946611,3,0.4303553391053389,0,0.0,2,0.0,4,0.0,1,11.0,4.0
10,2,4,False,4,0.55,3,0.386,2,0.064,1,0.0,0,0.0,3,0.0,4.0
10,0,1,False,1,0.48797240259740265,3,0.38602509990010003,2,0.12600249750249748,0,0.0,4,0.0,4,13.0,4.0
10,2,2,True,2,0.5965,4,0.3228333333333333,3,0.05,0,0.016666666666666666,1,0.013999999999999999,1,23.0,6.0
10,1,4,False,4,0.7,1,0.1125,0,0.09833333333333333,2,0.08916666666666666,3,0.0,2,18.0,1.0
10,2,2,True,2,0.399702380952381,4,0.3453333333333333,1,0.19114285714285717,3,0.03482142857142858,0,0.029000000000000005,1,21.0,6.0
10,3,3,True,3,0.49980469375825387,1,0.4219542405478937,2,0.07824106569385207,0,0.0,4,0.0,1,12.0,4.0
10,3,3,True,3,0.5472204204809787,0,0.45277957951902115,1,0.0,2,0.0,4,0.0,1,12.0,2.0
10,3,3,True,3,0.5676913570554446,1,0.38485530671818863,0,0.047453336226366466,2,0.0,4,0.0,1,12.0,1.0
10,2,2,True,2,0.8841666666666665,0,0.0805,1,0.029500000000000002,3,0.005833333333333333,4,0.0,1,14.0,3.0
10,3,3,True,3,0.6034382309726737,1,0.39656176902732626,0,0.0,2,0.0,4,0.0,1,11.0,1.0
10,3,0,False,0,0.5020171163881959,3,0.4317585768660676,1,0.06622430674573623,2,0.0,4,0.0,2,12.0,0.0
10,1,1,True,1,0.5696446608946611,3,0.4303553391053389,0,0.0,2,0.0,4,0.0,1,11.0,4.0
10,3,0,False,0,0.5020171163881959,3,0.4317585768660676,1,0.06622430674573623,2,0.0,4,0.0,2,12.0,0.0
10,3,3,True,3,0.5472204204809787,0,0.45277957951902115,1,0.0,2,0.0,4,0.0,1,12.0,2.0
10,3,3,True,3,0.6920335497835498,2,0.30796645021645025,1,0.0,0,0.0,4,0.0,1,22.0,4.0
10,4,4,True,4,0.8881666666666667,2,0.09683333333333334,3,0.006666666666666666,1,0.005,0,0.003333333333333333,1,2.0,6.0
