fold,true_cluster,predicted_cluster,correct,top1_cluster,top1_confidence,top2_cluster,top2_confidence,top3_cluster,top3_confidence,top4_cluster,top4_confidence,top5_cluster,top5_confidence,true_rank,elevation_gain
1,1,2,False,2,0.8051666666666667,0,0.18233333333333332,3,0.0125,1,0.0,4,0.0,4,38.8
1,1,3,False,3,0.44915752348091453,1,0.43913349692769577,2,0.08295311983034091,0,0.028755859761048535,4,0.0,2,0.0
1,0,0,True,0,0.9472738095238094,1,0.05272619047619047,2,0.0,3,0.0,4,0.0,1,13.9
1,2,0,False,0,0.67,2,0.33,1,0.0,3,0.0,4,0.0,2,40.6
1,1,1,True,1,0.779845238095238,4,0.22015476190476183,2,0.0,0,0.0,3,0.0,1,17.9
1,3,3,True,3,0.44915752348091453,1,0.43913349692769577,2,0.08295311983034091,0,0.028755859761048535,4,0.0,1,0.0
1,3,3,True,3,0.76,4,0.24,1,0.0,0,0.0,2,0.0,1,10.3
1,2,2,True,2,0.68,0,0.32,1,0.0,3,0.0,4,0.0,1,34.2
1,0,2,False,2,0.8051666666666667,0,0.1948333333333333,1,0.0,3,0.0,4,0.0,2,38.4
1,3,2,False,2,0.5303333333333332,4,0.40300000000000014,3,0.05,0,0.016666666666666666,1,0.0,3,32.1
1,4,3,False,3,0.75,4,0.23,0,0.02,1,0.0,2,0.0,2,12.9
1,4,1,False,1,0.5112619047619048,4,0.42507142857142854,2,0.05366666666666667,3,0.01,0,0.0,2,18.9
1,2,2,True,2,0.95,4,0.05,1,0.0,0,0.0,3,0.0,1,22.3
1,0,0,True,0,0.85,2,0.15,1,0.0,3,0.0,4,0.0,1,40.0
1,0,0,True,0,0.6,2,0.4,1,0.0,3,0.0,4,0.0,1,40.8
1,0,3,False,3,0.715,0,0.27,2,0.015,1,0.0,4,0.0,2,56.5
1,0,0,True,0,0.88625,2,0.08,4,0.02,1,0.013749999999999998,3,0.0,1,14.0
1,2,0,False,0,0.69,3,0.19416666666666665,2,0.11583333333333332,1,0.0,4,0.0,3,54.1
1,1,0,False,0,0.7400119047619049,1,0.24998809523809526,4,0.01,2,0.0,3,0.0,2,13.4
1,2,0,False,0,0.58,3,0.35,2,0.07,1,0.0,4,0.0,3,49.0
1,3,3,True,3,0.44915752348091453,1,0.43913349692769577,2,0.08295311983034091,0,0.028755859761048535,4,0.0,1,0.0
1,3,2,False,2,0.72,0,0.28,1,0.0,3,0.0,4,0.0,4,38.2
1,1,3,False,3,0.44915752348091453,1,0.43913349692769577,2,0.08295311983034091,0,0.028755859761048535,4,0.0,2,0.0
1,3,4,False,4,0.62,1,0.19,2,0.19,0,0.0,3,0.0,5,24.4
1,3,3,True,3,0.44915752348091453,1,0.43913349692769577,2,0.08295311983034091,0,0.028755859761048535,4,0.0,1,0.0
1,3,3,True,3,0.44915752348091453,1,0.43913349692769577,2,0.08295311983034091,0,0.028755859761048535,4,0.0,1,0.0
1,2,0,False,0,0.7500119047619048,1,0.24998809523809526,2,0.0,3,0.0,4,0.0,3,13.7
1,3,0,False,0,0.93,2,0.07,1,0.0,3,0.0,4,0.0,4,33.4
1,4,0,False,0,0.7041666666666666,4,0.28,1,0.01583333333333333,2,0.0,3,0.0,2,13.1
1,4,2,False,2,0.8340000000000001,3,0.156,4,0.01,1,0.0,0,0.0,3,12.0
2,1,3,False,3,0.4817098323644779,1,0.41647184418267985,2,0.0738619452287187,0,0.027956378224123578,4,0.0,2,0.0
2,3,0,False,0,0.58,3,0.33,2,0.09,1,0.0,4,0.0,2,75.0
2,3,3,True,3,0.4817098323644779,1,0.41647184418267985,2,0.0738619452287187,0,0.027956378224123578,4,0.0,1,0.0
2,3,3,True,3,0.68,4,0.215,0,0.105,1,0.0,2,0.0,1,9.4
2,3,3,True,3,0.4817098323644779,1,0.41647184418267985,2,0.0738619452287187,0,0.027956378224123578,4,0.0,1,0.0
2,0,2,False,2,0.8,0,0.17,3,0.03,1,0.0,4,0.0,2,34.6
2,3,3,True,3,0.9045000000000001,1,0.09549999999999999,0,0.0,2,0.0,4,0.0,1,5.1
2,0,2,False,2,0.59,3,0.41,1,0.0,0,0.0,4,0.0,4,59.7
2,3,3,True,3,0.8364999999999999,2,0.15350000000000003,0,0.01,1,0.0,4,0.0,1,51.7
2,4,4,True,4,0.6,1,0.22699999999999995,3,0.17300000000000001,0,0.0,2,0.0,1,16.2
2,4,3,False,3,0.5378333333333333,2,0.46216666666666667,1,0.0,0,0.0,4,0.0,5,12.5
2,4,1,False,1,0.6242105263157894,0,0.21026315789473685,3,0.1644736842105263,2,0.0010526315789473684,4,0.0,5,2.4
2,1,4,False,4,0.59,0,0.36,3,0.03,2,0.02,1,0.0,5,27.0
2,2,2,True,2,0.5808333333333333,0,0.3785,3,0.04066666666666666,1,0.0,4,0.0,1,39.6
2,0,4,False,4,0.885,2,0.11,3,0.005,1,0.0,0,0.0,5,31.5
2,2,4,False,4,0.67,0,0.33,2,0.0,1,0.0,3,0.0,3,31.2
2,1,1,True,1,0.687738095238095,2,0.31226190476190463,0,0.0,3,0.0,4,0.0,1,17.4
2,0,1,False,1,0.6224444444444441,0,0.3775555555555556,2,0.0,3,0.0,4,0.0,2,13.4
2,0,1,False,1,0.6224444444444441,0,0.3775555555555556,2,0.0,3,0.0,4,0.0,2,13.4
2,1,3,False,3,0.4817098323644779,1,0.41647184418267985,2,0.0738619452287187,0,0.027956378224123578,4,0.0,2,0.0
2,3,3,True,3,0.74,0,0.26,1,0.0,2,0.0,4,0.0,1,58.0
2,1,4,False,4,0.66,1,0.204,2,0.136,0,0.0,3,0.0,2,18.8
2,3,3,True,3,0.71,4,0.28,2,0.01,1,0.0,0,0.0,1,6.4
2,1,3,False,3,0.96,2,0.04,1,0.0,0,0.0,4,0.0,3,43.9
2,2,3,False,3,0.8568333333333333,2,0.14316666666666666,1,0.0,0,0.0,4,0.0,2,51.1
2,3,2,False,2,0.83,0,0.15,3,0.02,1,0.0,4,0.0,3,54.7
2,2,4,False,4,0.75,1,0.16,2,0.05,3,0.04,0,0.0,3,11.7
2,2,3,False,3,0.61,0,0.39,1,0.0,2,0.0,4,0.0,4,41.4
2,2,0,False,0,0.65,3,0.3,2,0.05,1,0.0,4,0.0,3,61.2
2,4,0,False,0,0.6,3,0.3,4,0.07,2,0.03,1,0.0,3,20.4
3,0,2,False,2,0.88,3,0.1,0,0.02,1,0.0,4,0.0,3,37.7
3,2,4,False,4,0.73,3,0.21,0,0.06,1,0.0,2,0.0,5,29.9
3,1,3,False,3,0.44591874541012266,1,0.44243207699800347,2,0.08217389118721301,0,0.02947528640466064,4,0.0,2,0.0
3,3,3,True,3,0.44591874541012266,1,0.44243207699800347,2,0.08217389118721301,0,0.02947528640466064,4,0.0,1,0.0
3,0,2,False,2,0.6156666666666666,3,0.32,0,0.06433333333333333,1,0.0,4,0.0,3,61.3
3,3,3,True,3,0.44591874541012266,1,0.44243207699800347,2,0.08217389118721301,0,0.02947528640466064,4,0.0,1,0.0
3,3,4,False,4,0.59,3,0.36,1,0.04,0,0.01,2,0.0,2,4.2
3,3,3,True,3,0.44591874541012266,1,0.44243207699800347,2,0.08217389118721301,0,0.02947528640466064,4,0.0,1,0.0
3,4,0,False,0,0.48249999999999993,3,0.41750000000000015,4,0.1,1,0.0,2,0.0,3,28.3
3,4,4,True,4,0.83,3,0.11,0,0.06,1,0.0,2,0.0,1,13.0
3,2,4,False,4,0.71,0,0.29,2,0.0,1,0.0,3,0.0,3,14.4
3,1,1,True,1,0.9975,4,0.0025,2,0.0,0,0.0,3,0.0,1,18.2
3,0,3,False,3,0.7226825396825397,2,0.2673174603174603,0,0.01,1,0.0,4,0.0,3,42.4
3,2,4,False,4,0.73,3,0.21,0,0.06,1,0.0,2,0.0,5,29.8
3,1,3,False,3,0.44591874541012266,1,0.44243207699800347,2,0.08217389118721301,0,0.02947528640466064,4,0.0,2,0.0
3,1,1,True,1,0.8174556277056274,4,0.18254437229437226,2,0.0,0,0.0,3,0.0,1,17.9
3,2,4,False,4,0.665,0,0.26,1,0.075,2,0.0,3,0.0,4,19.3
3,2,4,False,4,0.6433333333333334,3,0.31,0,0.04666666666666666,1,0.0,2,0.0,5,30.4
3,0,0,True,0,0.9466666666666665,4,0.03,2,0.02,1,0.003333333333333333,3,0.0,1,14.0
3,4,3,False,3,0.875,0,0.06,4,0.06,1,0.005,2,0.0,3,15.1
3,0,0,True,0,0.6266666666666666,4,0.24333333333333335,3,0.11,2,0.02,1,0.0,1,30.7
3,2,3,False,3,0.6975,4,0.16,0,0.1425,1,0.0,2,0.0,5,27.8
3,1,1,True,1,0.8225,3,0.16,2,0.0175,0,0.0,4,0.0,1,18.4
3,1,1,True,1,0.6776547619047618,2,0.30234523809523806,0,0.02,3,0.0,4,0.0,1,17.4
3,3,3,True,3,0.64,2,0.35,4,0.01,1,0.0,0,0.0,1,21.3
3,3,2,False,2,0.59,0,0.3,3,0.11,1,0.0,4,0.0,3,49.3
3,3,2,False,2,0.76,3,0.19,0,0.05,1,0.0,4,0.0,2,35.7
3,3,3,True,3,0.44591874541012266,1,0.44243207699800347,2,0.08217389118721301,0,0.02947528640466064,4,0.0,1,0.0
3,3,3,True,3,0.8742857142857143,4,0.11,2,0.015714285714285715,1,0.0,0,0.0,1,12.7
3,4,3,False,3,0.72,1,0.16,2,0.11,4,0.01,0,0.0,4,24.4
4,3,3,True,3,0.4916447739294307,1,0.4330946580013159,2,0.047670843600149435,0,0.027589724469103922,4,0.0,1,0.0
4,0,4,False,4,0.87,2,0.09,0,0.04,1,0.0,3,0.0,3,19.7
4,1,1,True,1,0.7967691197691196,4,0.20323088023088012,2,0.0,0,0.0,3,0.0,1,17.9
4,3,1,False,1,0.65,3,0.32,4,0.03,0,0.0,2,0.0,2,5.0
4,3,2,False,2,0.62,3,0.38,1,0.0,0,0.0,4,0.0,2,51.4
4,2,3,False,3,0.82,0,0.15,2,0.03,1,0.0,4,0.0,3,35.5
4,3,4,False,4,0.42116666666666674,3,0.4113333333333333,0,0.14,2,0.02,1,0.0075,2,15.1
4,3,3,True,3,0.98,1,0.02,0,0.0,2,0.0,4,0.0,1,44.6
4,4,3,False,3,0.5114761904761903,4,0.37116666666666676,1,0.07735714285714286,0,0.04,2,0.0,2,15.5
4,4,2,False,2,0.57,4,0.26,0,0.17,1,0.0,3,0.0,2,14.5
4,4,2,False,2,0.69,4,0.25916666666666666,3,0.05083333333333334,1,0.0,0,0.0,2,23.4
4,1,3,False,3,0.4916447739294307,1,0.4330946580013159,2,0.047670843600149435,0,0.027589724469103922,4,0.0,2,0.0
4,0,2,False,2,0.7559999999999999,0,0.2173333333333333,1,0.02,3,0.006666666666666666,4,0.0,2,39.1
4,1,2,False,2,0.62,1,0.225,4,0.155,0,0.0,3,0.0,2,18.7
4,1,1,True,1,0.9372813852813852,4,0.06271861471861472,2,0.0,0,0.0,3,0.0,1,18.0
4,2,2,True,2,0.5736190476190476,3,0.4263809523809523,1,0.0,0,0.0,4,0.0,1,43.1
4,0,0,True,0,0.625,2,0.36,4,0.015,1,0.0,3,0.0,1,30.9
4,2,2,True,2,0.81,4,0.19,1,0.0,0,0.0,3,0.0,1,23.1
4,1,1,True,1,0.65,4,0.25,3,0.1,0,0.0,2,0.0,1,4.7
4,0,4,False,4,0.58,2,0.15057142857142858,1,0.1387142857142857,3,0.1307142857142857,0,0.0,5,8.5
4,0,2,False,2,0.5736190476190476,3,0.4263809523809523,1,0.0,0,0.0,4,0.0,4,43.1
4,2,3,False,3,0.65,2,0.29,0,0.06,1,0.0,4,0.0,2,54.7
4,3,0,False,0,0.65,2,0.32,3,0.03,1,0.0,4,0.0,3,48.1
4,2,3,False,3,0.4916447739294307,1,0.4330946580013159,2,0.047670843600149435,0,0.027589724469103922,4,0.0,3,0.0
4,1,3,False,3,0.65,0,0.19,1,0.15333333333333335,2,0.006666666666666666,4,0.0,3,17.1
4,3,1,False,1,0.65,3,0.3,4,0.05,0,0.0,2,0.0,2,4.9
4,3,2,False,2,0.93,0,0.07,1,0.0,3,0.0,4,0.0,4,37.0
4,3,3,True,3,0.4916447739294307,1,0.4330946580013159,2,0.047670843600149435,0,0.027589724469103922,4,0.0,1,0.0
4,3,2,False,2,0.62,1,0.235,4,0.145,0,0.0,3,0.0,5,18.6
4,4,0,False,0,0.4517857142857144,4,0.37821428571428567,2,0.17,1,0.0,3,0.0,2,31.6
5,3,2,False,2,0.85,4,0.1,3,0.05,1,0.0,0,0.0,3,5.8
5,0,2,False,2,0.7543333333333334,3,0.2456666666666667,1,0.0,0,0.0,4,0.0,4,54.0
5,1,3,False,3,0.5504683210257391,1,0.36963390607687624,2,0.05069228909954365,0,0.02920548379784128,4,0.0,2,0.0
5,3,1,False,1,0.92,0,0.08,2,0.0,3,0.0,4,0.0,4,17.0
5,3,3,True,3,0.98,1,0.02,0,0.0,2,0.0,4,0.0,1,5.2
5,3,1,False,1,0.59,4,0.3925,3,0.0175,0,0.0,2,0.0,3,15.9
5,3,3,True,3,0.72,0,0.27,2,0.01,1,0.0,4,0.0,1,45.2
5,3,4,False,4,0.68,3,0.31,2,0.01,1,0.0,0,0.0,2,12.8
5,4,2,False,2,0.84,3,0.12,4,0.04,1,0.0,0,0.0,3,30.0
5,4,0,False,0,0.58,1,0.35,3,0.04,2,0.03,4,0.0,5,27.2
5,4,3,False,3,0.9,4,0.1,1,0.0,0,0.0,2,0.0,2,9.7
5,4,4,True,4,0.61,0,0.38,3,0.01,1,0.0,2,0.0,1,19.9
5,1,3,False,3,0.5504683210257391,1,0.36963390607687624,2,0.05069228909954365,0,0.02920548379784128,4,0.0,2,0.0
5,2,0,False,0,0.65,3,0.32,2,0.03,1,0.0,4,0.0,3,45.3
5,1,3,False,3,0.5504683210257391,1,0.36963390607687624,2,0.05069228909954365,0,0.02920548379784128,4,0.0,2,0.0
5,1,1,True,1,0.9963888888888889,4,0.003611111111111111,2,0.0,0,0.0,3,0.0,1,17.7
5,1,1,True,1,0.7361111111111112,0,0.24,2,0.02388888888888889,3,0.0,4,0.0,1,17.3
5,0,4,False,4,0.89,0,0.07045238095238096,1,0.03954761904761905,2,0.0,3,0.0,2,13.2
5,0,3,False,3,0.89,0,0.11,1,0.0,2,0.0,4,0.0,2,57.4
5,0,0,True,0,0.69,2,0.3,3,0.01,1,0.0,4,0.0,1,33.9
5,0,2,False,2,0.96,4,0.03,3,0.01,1,0.0,0,0.0,5,22.0
5,2,3,False,3,0.730952380952381,2,0.14035714285714287,4,0.1286904761904762,1,0.0,0,0.0,2,32.7
5,3,2,False,2,0.66,4,0.3,3,0.04,1,0.0,0,0.0,3,12.4
5,2,3,False,3,0.73,0,0.2,2,0.07,1,0.0,4,0.0,3,36.6
5,3,2,False,2,0.6,3,0.28,0,0.12,1,0.0,4,0.0,2,35.4
5,2,0,False,0,0.8661428571428571,2,0.12385714285714285,3,0.01,1,0.0,4,0.0,2,39.2
5,1,3,False,3,0.5504683210257391,1,0.36963390607687624,2,0.05069228909954365,0,0.02920548379784128,4,0.0,2,0.0
5,3,3,True,3,0.73,0,0.23,4,0.03,1,0.01,2,0.0,1,3.8
5,2,3,False,3,0.5504683210257391,1,0.36963390607687624,2,0.05069228909954365,0,0.02920548379784128,4,0.0,3,0.0
5,3,3,True,3,0.68,4,0.3,2,0.02,1,0.0,0,0.0,1,12.7
6,3,0,False,0,0.58,2,0.26,3,0.16,1,0.0,4,0.0,3,70.0
6,2,0,False,0,0.92,2,0.08,1,0.0,3,0.0,4,0.0,2,40.3
6,3,3,True,3,0.935,2,0.06499999999999999,1,0.0,0,0.0,4,0.0,1,52.3
6,1,3,False,3,0.4762381140592435,1,0.4113287685784022,2,0.08575225373198529,0,0.026680863630369117,4,0.0,2,0.0
6,1,1,True,1,0.8129913419913418,4,0.18700865800865799,2,0.0,0,0.0,3,0.0,1,17.9
6,0,3,False,3,0.61,2,0.39,1,0.0,0,0.0,4,0.0,4,36.1
6,3,3,True,3,0.87,2,0.11,0,0.02,1,0.0,4,0.0,1,64.2
6,3,3,True,3,0.4762381140592435,1,0.4113287685784022,2,0.08575225373198529,0,0.026680863630369117,4,0.0,1,0.0
6,4,3,False,3,0.7181666666666666,1,0.2818333333333333,0,0.0,2,0.0,4,0.0,5,4.4
6,4,2,False,2,0.67,4,0.23,3,0.095,0,0.005,1,0.0,2,28.0
6,2,1,False,1,1.0,0,0.0,2,0.0,3,0.0,4,0.0,3,17.4
6,1,1,True,1,0.9264595959595958,4,0.07354040404040404,2,0.0,0,0.0,3,0.0,1,18.0
6,2,2,True,2,0.92,0,0.05,4,0.02,3,0.01,1,0.0,1,22.2
6,0,0,True,0,0.62,2,0.36,3,0.02,1,0.0,4,0.0,1,33.9
6,1,3,False,3,0.4762381140592435,1,0.4113287685784022,2,0.08575225373198529,0,0.026680863630369117,4,0.0,2,0.0
6,2,0,False,0,0.65,3,0.34,2,0.01,1,0.0,4,0.0,3,59.7
6,1,3,False,3,0.585,4,0.4150000000000001,1,0.0,0,0.0,2,0.0,3,15.9
6,0,0,True,0,0.4965992063492063,1,0.4934007936507936,4,0.01,2,0.0,3,0.0,1,13.4
6,0,3,False,3,0.8816666666666667,2,0.08833333333333333,0,0.03,1,0.0,4,0.0,3,41.9
6,4,2,False,2,0.7,4,0.27,0,0.03,1,0.0,3,0.0,2,30.3
6,0,0,True,0,0.65,2,0.35,1,0.0,3,0.0,4,0.0,1,40.8
6,3,3,True,3,0.4762381140592435,1,0.4113287685784022,2,0.08575225373198529,0,0.026680863630369117,4,0.0,1,0.0
6,3,3,True,3,0.59,2,0.4,4,0.01,1,0.0,0,0.0,1,21.3
6,3,4,False,4,0.69,3,0.31,1,0.0,0,0.0,2,0.0,2,5.4
6,3,2,False,2,0.72,4,0.27,0,0.01,1,0.0,3,0.0,5,30.2
6,2,2,True,2,0.68,4,0.315,3,0.005,1,0.0,0,0.0,1,23.2
6,3,4,False,4,0.71,3,0.28,0,0.01,1,0.0,2,0.0,2,9.6
6,3,3,True,3,0.87,0,0.09,2,0.04,1,0.0,4,0.0,1,63.8
6,2,0,False,0,0.7083333333333333,1,0.16,3,0.1,2,0.03166666666666666,4,0.0,4,38.6
7,1,3,False,3,0.6016666666666667,4,0.38833333333333336,0,0.01,1,0.0,2,0.0,4,24.7
7,3,2,False,2,0.8178333333333333,0,0.1721666666666667,3,0.01,1,0.0,4,0.0,3,60.5
7,0,2,False,2,0.89,0,0.07,3,0.04,1,0.0,4,0.0,2,46.4
7,0,0,True,0,0.69,2,0.31,1,0.0,3,0.0,4,0.0,1,40.1
7,3,3,True,3,0.486521710170603,1,0.4133435840922724,2,0.07432959933857924,0,0.025805106398544882,4,0.0,1,0.0
7,3,4,False,4,0.5013333333333333,3,0.39866666666666667,0,0.09,2,0.01,1,0.0,2,15.1
7,4,3,False,3,0.5048333333333334,2,0.45516666666666666,4,0.03666666666666667,0,0.003333333333333333,1,0.0,3,32.1
7,4,4,True,4,0.56,3,0.44,1,0.0,0,0.0,2,0.0,1,10.0
7,0,0,True,0,0.89,2,0.1,4,0.01,1,0.0,3,0.0,1,14.2
7,1,3,False,3,0.486521710170603,1,0.4133435840922724,2,0.07432959933857924,0,0.025805106398544882,4,0.0,2,0.0
7,1,1,True,1,0.9921818181818182,4,0.007818181818181818,2,0.0,0,0.0,3,0.0,1,17.7
7,0,0,True,0,0.4761666666666666,4,0.3738333333333334,1,0.06083333333333333,3,0.05283333333333332,2,0.036333333333333336,1,8.9
7,2,0,False,0,0.64,3,0.32,2,0.03,1,0.01,4,0.0,3,37.6
7,0,1,False,1,1.0,0,0.0,2,0.0,3,0.0,4,0.0,2,17.2
7,2,3,False,3,0.8714999999999999,4,0.1085,0,0.02,1,0.0,2,0.0,5,25.2
7,1,1,True,1,0.9921818181818182,4,0.007818181818181818,2,0.0,0,0.0,3,0.0,1,17.7
7,1,3,False,3,0.486521710170603,1,0.4133435840922724,2,0.07432959933857924,0,0.025805106398544882,4,0.0,2,0.0
7,2,2,True,2,0.755,0,0.20149999999999998,3,0.0435,1,0.0,4,0.0,1,39.6
7,2,0,False,0,0.64,3,0.32,2,0.03,1,0.01,4,0.0,3,37.6
7,3,3,True,3,0.486521710170603,1,0.4133435840922724,2,0.07432959933857924,0,0.025805106398544882,4,0.0,1,0.0
7,2,3,False,3,0.69,4,0.31,1,0.0,0,0.0,2,0.0,5,12.4
7,3,2,False,2,0.61,4,0.18,0,0.14,3,0.07,1,0.0,4,20.7
7,3,0,False,0,0.45000000000000007,2,0.42999999999999994,3,0.12,1,0.0,4,0.0,3,59.6
7,3,2,False,2,0.7813333333333334,0,0.19366666666666663,3,0.025,1,0.0,4,0.0,3,43.2
7,3,3,True,3,0.67,0,0.1868333333333333,2,0.14316666666666664,1,0.0,4,0.0,1,58.9
7,3,2,False,2,0.7996666666666666,3,0.2003333333333333,1,0.0,0,0.0,4,0.0,2,51.2
7,2,3,False,3,0.89,2,0.07,0,0.02,4,0.02,1,0.0,2,21.1
7,3,0,False,0,0.66,3,0.21,2,0.13,1,0.0,4,0.0,2,41.8
7,4,0,False,0,0.63,4,0.33,2,0.04,1,0.0,3,0.0,2,19.8
8,1,3,False,3,0.490421194478425,1,0.4313210846174031,2,0.07825772090417185,0,0.0,4,0.0,2,0.0
8,0,2,False,2,0.73,3,0.24,0,0.03,1,0.0,4,0.0,3,45.7
8,2,0,False,0,0.61,2,0.34,3,0.05,1,0.0,4,0.0,2,46.2
8,3,0,False,0,0.78,2,0.12633333333333333,3,0.09366666666666668,1,0.0,4,0.0,3,56.3
8,2,2,True,2,0.63,3,0.24,4,0.13,1,0.0,0,0.0,1,5.9
8,3,1,False,1,0.64,3,0.35,0,0.005,2,0.005,4,0.0,2,44.0
8,4,3,False,3,0.62,2,0.19099999999999998,1,0.16899999999999998,4,0.02,0,0.0,4,7.4
8,1,3,False,3,0.98,4,0.02,1,0.0,0,0.0,2,0.0,3,4.9
8,0,0,True,0,0.47725,3,0.38275,4,0.12,2,0.02,1,0.0,1,28.8
8,0,3,False,3,0.6,1,0.26,4,0.11,2,0.02,0,0.01,5,26.4
8,0,3,False,3,0.59,2,0.28,1,0.1,4,0.03,0,0.0,5,26.1
8,1,1,True,1,0.6934880952380952,2,0.2865119047619047,0,0.02,3,0.0,4,0.0,1,17.4
8,4,4,True,4,0.5536666666666668,0,0.3,2,0.08,3,0.06633333333333333,1,0.0,1,14.7
8,2,3,False,3,0.5373333333333334,4,0.4426666666666666,2,0.02,1,0.0,0,0.0,3,32.1
8,1,1,True,1,0.9946666666666666,4,0.005333333333333333,2,0.0,0,0.0,3,0.0,1,17.7
8,3,3,True,3,0.97,2,0.03,1,0.0,0,0.0,4,0.0,1,44.8
8,2,3,False,3,0.672095238095238,2,0.18290476190476188,0,0.13499999999999998,1,0.01,4,0.0,2,43.2
8,3,3,True,3,0.92,4,0.07,2,0.01,1,0.0,0,0.0,1,6.8
8,3,0,False,0,0.605,3,0.39,2,0.005,1,0.0,4,0.0,2,57.5
8,0,3,False,3,0.490421194478425,1,0.4313210846174031,2,0.07825772090417185,0,0.0,4,0.0,4,0.0
8,1,3,False,3,0.490421194478425,1,0.4313210846174031,2,0.07825772090417185,0,0.0,4,0.0,2,0.0
8,3,3,True,3,0.79,0,0.2,4,0.01,1,0.0,2,0.0,1,3.7
8,2,4,False,4,0.7036666666666668,0,0.21,3,0.06633333333333333,2,0.02,1,0.0,4,31.8
8,3,3,True,3,0.85,4,0.09,1,0.06,0,0.0,2,0.0,1,10.4
8,3,3,True,3,0.490421194478425,1,0.4313210846174031,2,0.07825772090417185,0,0.0,4,0.0,1,0.0
8,3,3,True,3,0.490421194478425,1,0.4313210846174031,2,0.07825772090417185,0,0.0,4,0.0,1,0.0
8,3,2,False,2,0.44299999999999995,1,0.3669999999999999,0,0.12483333333333332,4,0.06516666666666666,3,0.0,5,8.4
8,2,3,False,3,0.96,2,0.04,1,0.0,0,0.0,4,0.0,2,51.4
8,4,0,False,0,0.61,4,0.251,2,0.12,3,0.019,1,0.0,2,31.5
9,0,3,False,3,0.93,4,0.06,1,0.01,0,0.0,2,0.0,4,3.6
9,2,0,False,0,0.94,2,0.05,3,0.01,1,0.0,4,0.0,2,34.0
9,2,3,False,3,0.76,2,0.22,4,0.02,1,0.0,0,0.0,2,20.9
9,1,3,False,3,0.88,2,0.07,4,0.05,1,0.0,0,0.0,4,11.0
9,1,0,False,0,0.728519841269841,1,0.2714801587301586,2,0.0,3,0.0,4,0.0,2,13.4
9,1,3,False,3,0.489646299545704,1,0.44150199942665014,2,0.049471775323812105,0,0.019379925703833664,4,0.0,2,0.0
9,2,3,False,3,0.489646299545704,1,0.44150199942665014,2,0.049471775323812105,0,0.019379925703833664,4,0.0,3,0.0
9,3,0,False,0,0.69,3,0.26,2,0.05,1,0.0,4,0.0,2,42.1
9,3,3,True,3,0.96,2,0.04,1,0.0,0,0.0,4,0.0,1,6.6
9,4,3,False,3,0.87,2,0.13,1,0.0,0,0.0,4,0.0,5,6.3
9,4,3,False,3,0.97,2,0.03,1,0.0,0,0.0,4,0.0,5,5.5
9,2,3,False,3,0.45233333333333337,1,0.4076666666666667,0,0.12,4,0.02,2,0.0,5,8.4
9,1,4,False,4,0.65,3,0.34,1,0.01,0,0.0,2,0.0,3,2.5
9,2,0,False,0,0.853952380952381,2,0.11604761904761904,1,0.03,3,0.0,4,0.0,2,39.1
9,0,4,False,4,0.58,1,0.28,3,0.11,2,0.03,0,0.0,5,27.3
9,0,3,False,3,0.65,2,0.35,1,0.0,0,0.0,4,0.0,4,70.4
9,2,2,True,2,0.7498333333333335,0,0.2451666666666667,3,0.005,1,0.0,4,0.0,1,42.8
9,0,2,False,2,0.67,3,0.32,0,0.01,1,0.0,4,0.0,3,48.8
9,0,4,False,4,0.8056666666666666,3,0.19433333333333333,1,0.0,0,0.0,2,0.0,4,14.9
9,3,3,True,3,0.489646299545704,1,0.44150199942665014,2,0.049471775323812105,0,0.019379925703833664,4,0.0,1,0.0
9,3,2,False,2,0.39132142857142843,4,0.31494047619047605,3,0.2937380952380952,1,0.0,0,0.0,3,32.2
9,3,0,False,0,0.9,1,0.06,2,0.04,3,0.0,4,0.0,4,25.9
9,3,3,True,3,1.0,0,0.0,1,0.0,2,0.0,4,0.0,1,58.6
9,1,3,False,3,0.68,1,0.18,0,0.12,4,0.02,2,0.0,2,16.9
9,3,0,False,0,0.69,4,0.31,2,0.0,1,0.0,3,0.0,5,28.4
9,3,3,True,3,0.89,4,0.11,1,0.0,0,0.0,2,0.0,1,10.7
9,3,0,False,0,0.63,2,0.37,1,0.0,3,0.0,4,0.0,4,39.4
9,3,2,False,2,0.7498333333333335,0,0.2451666666666667,3,0.005,1,0.0,4,0.0,3,42.8
9,4,0,False,0,0.63,3,0.2005,1,0.14949999999999997,4,0.02,2,0.0,4,8.5
10,0,2,False,2,0.89,3,0.07,0,0.04,1,0.0,4,0.0,3,39.7
10,2,0,False,0,0.7,2,0.24,3,0.06,1,0.0,4,0.0,2,47.0
10,0,4,False,4,0.85,3,0.13,2,0.01,0,0.01,1,0.0,4,20.3
10,0,3,False,3,0.67,2,0.33,1,0.0,0,0.0,4,0.0,4,39.4
10,3,3,True,3,0.4648300068288047,1,0.440714322224246,2,0.06943961192303215,0,0.025016059023917188,4,0.0,1,0.0
10,2,2,True,2,0.7,3,0.18,4,0.12,1,0.0,0,0.0,1,5.9
10,4,1,False,1,1.0,0,0.0,2,0.0,3,0.0,4,0.0,5,17.9
10,4,2,False,2,0.93,0,0.07,1,0.0,3,0.0,4,0.0,5,22.5
10,4,1,False,1,0.93,4,0.05,3,0.02,0,0.0,2,0.0,2,18.8
10,1,1,True,1,1.0,0,0.0,2,0.0,3,0.0,4,0.0,1,18.3
10,1,1,True,1,1.0,0,0.0,2,0.0,3,0.0,4,0.0,1,18.1
10,0,2,False,2,0.8545,0,0.14550000000000002,1,0.0,3,0.0,4,0.0,2,39.2
10,1,1,True,1,1.0,0,0.0,2,0.0,3,0.0,4,0.0,1,17.9
10,2,1,False,1,0.93,3,0.06,4,0.01,0,0.0,2,0.0,5,18.7
10,0,3,False,3,0.61,4,0.35,0,0.03,2,0.01,1,0.0,3,28.4
10,2,3,False,3,0.96,0,0.03,2,0.01,1,0.0,4,0.0,3,66.4
10,1,3,False,3,0.45566666666666655,2,0.3943333333333332,0,0.11333333333333333,4,0.03666666666666667,1,0.0,5,8.4
10,2,2,True,2,0.48566666666666664,3,0.446,0,0.06833333333333333,1,0.0,4,0.0,1,42.8
10,3,3,True,3,0.77,4,0.22,2,0.01,1,0.0,0,0.0,1,6.4
10,3,3,True,3,0.92,0,0.07,2,0.01,1,0.0,4,0.0,1,62.9
10,3,3,True,3,0.7,0,0.29,2,0.01,1,0.0,4,0.0,1,86.8
10,2,2,True,2,0.93,0,0.07,1,0.0,3,0.0,4,0.0,1,22.2
10,3,3,True,3,0.4648300068288047,1,0.440714322224246,2,0.06943961192303215,0,0.025016059023917188,4,0.0,1,0.0
10,3,3,True,3,0.92,0,0.07,2,0.01,1,0.0,4,0.0,1,63.4
10,1,1,True,1,0.7773333333333332,0,0.2,2,0.022666666666666665,3,0.0,4,0.0,1,17.3
10,3,2,False,2,0.54,0,0.29,4,0.15,1,0.02,3,0.0,5,27.6
10,3,3,True,3,0.88,1,0.11,2,0.01,0,0.0,4,0.0,1,44.3
10,3,3,True,3,0.8133333333333332,2,0.18666666666666668,1,0.0,0,0.0,4,0.0,1,51.6
10,4,4,True,4,0.6,1,0.255,3,0.145,0,0.0,2,0.0,1,16.5
