fold,true_cluster,predicted_cluster,correct,top1_cluster,top1_confidence,top2_cluster,top2_confidence,top3_cluster,top3_confidence,top4_cluster,top4_confidence,top5_cluster,top5_confidence,true_rank,distance
1,1,2,False,2,0.58,3,0.42,1,0.0,0,0.0,4,0.0,3,0 days 03:25:31.500000
1,1,4,False,4,0.54,0,0.28,1,0.18,2,0.0,3,0.0,3,0 days 00:53:46.400000
1,0,0,True,0,0.58,3,0.37,2,0.04,4,0.01,1,0.0,1,0 days 02:49:29.200000
1,2,0,False,0,0.57,2,0.31,3,0.12,1,0.0,4,0.0,2,0 days 03:19:00.900000
1,1,1,True,1,0.89,2,0.08,3,0.03,0,0.0,4,0.0,1,0 days 00:54:49
1,3,2,False,2,0.97,1,0.02,0,0.01,3,0.0,4,0.0,4,0 days 00:04:57.800000
1,3,1,False,1,0.8166666666666668,3,0.18333333333333335,0,0.0,2,0.0,4,0.0,2,0 days 00:53:42.600000
1,2,4,False,4,0.59,2,0.29,3,0.09,0,0.03,1,0.0,2,0 days 02:48:22
1,0,3,False,3,0.62,4,0.25,2,0.1,0,0.03,1,0.0,4,0 days 02:48:45.200000
1,3,0,False,0,0.69,3,0.29,2,0.01,4,0.01,1,0.0,2,0 days 02:42:30.800000
1,4,4,True,4,0.87,0,0.1,3,0.03,1,0.0,2,0.0,1,0 days 01:23:46.200000
1,4,2,False,2,0.88,0,0.1,4,0.02,1,0.0,3,0.0,3,0 days 01:47:24.300000
1,2,4,False,4,0.68,2,0.25,3,0.07,1,0.0,0,0.0,2,0 days 01:55:20
1,0,2,False,2,0.79,4,0.16,3,0.04,0,0.01,1,0.0,4,0 days 02:47:08
1,0,0,True,0,0.69,3,0.29,2,0.01,4,0.01,1,0.0,1,0 days 02:42:29.400000
1,0,3,False,3,0.61,0,0.33,2,0.06,1,0.0,4,0.0,2,0 days 05:11:42.400000
1,0,0,True,0,0.64,3,0.25,1,0.11,2,0.0,4,0.0,1,0 days 00:57:10.600000
1,2,3,False,3,0.88,0,0.12,1,0.0,2,0.0,4,0.0,4,0 days 02:43:16.700000
1,1,1,True,1,0.745,3,0.255,0,0.0,2,0.0,4,0.0,1,0 days 00:53:39.500000
1,2,0,False,0,0.48666666666666664,3,0.45333333333333337,2,0.06,1,0.0,4,0.0,3,0 days 03:34:19.800000
1,3,1,False,1,0.99,4,0.01,2,0.0,0,0.0,3,0.0,5,0 days 00:53:44.400000
1,3,2,False,2,0.66,3,0.33,0,0.01,1,0.0,4,0.0,2,0 days 03:41:28.400000
1,1,1,True,1,0.73,4,0.23,0,0.04,2,0.0,3,0.0,1,0 days 00:53:45.400000
1,3,2,False,2,0.6,3,0.27,0,0.09,1,0.04,4,0.0,2,0 days 02:58:32.800000
1,3,0,False,0,0.58,2,0.4,4,0.02,1,0.0,3,0.0,5,0 days 01:46:58.400000
1,3,1,False,1,0.89,3,0.11,0,0.0,2,0.0,4,0.0,2,0 days 00:53:39.100000
1,2,1,False,1,0.61,2,0.3,3,0.09,0,0.0,4,0.0,2,0 days 00:45:00.800000
1,3,3,True,3,0.6,0,0.3,2,0.09,4,0.01,1,0.0,1,0 days 03:08:01.700000
1,4,4,True,4,0.56,3,0.31,0,0.11,2,0.02,1,0.0,1,0 days 02:41:22.600000
1,4,2,False,2,0.75,1,0.21,4,0.03,3,0.01,0,0.0,3,0 days 02:03:26.200000
2,1,3,False,3,0.69,1,0.2,0,0.11,2,0.0,4,0.0,2,0 days 00:32:28.500000
2,3,4,False,4,0.76,2,0.24,1,0.0,0,0.0,3,0.0,5,0 days 02:52:02.800000
2,3,1,False,1,0.65,0,0.27,4,0.05,2,0.03,3,0.0,5,0 days 00:58:23.500000
2,3,3,True,3,0.98,2,0.02,1,0.0,0,0.0,4,0.0,1,0 days 01:40:38.300000
2,3,3,True,3,0.99,1,0.01,0,0.0,2,0.0,4,0.0,1,0 days 00:53:54.300000
2,0,3,False,3,0.67,4,0.2,2,0.11,0,0.02,1,0.0,4,0 days 02:41:06.200000
2,3,1,False,1,0.8348333333333333,3,0.16516666666666666,0,0.0,2,0.0,4,0.0,2,0 days 00:53:40.500000
2,0,0,True,0,0.62,2,0.28,3,0.1,1,0.0,4,0.0,1,0 days 04:49:48.300000
2,3,3,True,3,0.74,0,0.24,2,0.01,4,0.01,1,0.0,1,0 days 02:16:17.700000
2,4,4,True,4,0.6,3,0.28,0,0.08,2,0.04,1,0.0,1,0 days 02:08:58.300000
2,4,4,True,4,0.73,3,0.27,1,0.0,0,0.0,2,0.0,1,0 days 01:18:36.800000
2,4,1,False,1,0.77,4,0.14,3,0.09,0,0.0,2,0.0,2,0 days 00:26:52.900000
2,1,2,False,2,0.74,4,0.26,1,0.0,0,0.0,3,0.0,3,0 days 02:01:34.500000
2,2,3,False,3,0.83,0,0.13,2,0.03,1,0.01,4,0.0,3,0 days 02:59:49.500000
2,0,2,False,2,0.91,4,0.08,0,0.01,1,0.0,3,0.0,3,0 days 02:40:56.200000
2,2,4,False,4,0.69,2,0.26,3,0.04,0,0.01,1,0.0,2,0 days 01:47:24.300000
2,1,3,False,3,0.57,1,0.43,0,0.0,2,0.0,4,0.0,2,0 days 00:53:44.400000
2,0,1,False,1,0.81,4,0.19,2,0.0,0,0.0,3,0.0,4,0 days 00:53:47.300000
2,0,3,False,3,0.99,1,0.01,0,0.0,2,0.0,4,0.0,3,0 days 00:53:54.600000
2,1,1,True,1,0.77,4,0.14,3,0.09,0,0.0,2,0.0,1,0 days 00:26:49
2,3,4,False,4,0.97,0,0.02,2,0.01,1,0.0,3,0.0,5,0 days 02:14:45.900000
2,1,1,True,1,0.89,3,0.11,0,0.0,2,0.0,4,0.0,1,0 days 00:54:47
2,3,2,False,2,0.89,4,0.06,0,0.03,1,0.02,3,0.0,5,0 days 01:04:35.900000
2,1,3,False,3,0.81,2,0.16,0,0.03,1,0.0,4,0.0,4,0 days 03:02:09.200000
2,2,3,False,3,0.975,0,0.025,1,0.0,2,0.0,4,0.0,4,0 days 03:42:26.800000
2,3,4,False,4,0.6,3,0.28,0,0.08,2,0.04,1,0.0,2,0 days 02:12:17.300000
2,2,1,False,1,0.76,3,0.24,0,0.0,2,0.0,4,0.0,4,0 days 00:54:53.700000
2,2,4,False,4,0.59,2,0.21,0,0.18,3,0.02,1,0.0,2,0 days 02:47:52.300000
2,2,2,True,2,0.62,3,0.25,0,0.13,1,0.0,4,0.0,1,0 days 04:01:32.600000
2,4,3,False,3,0.59,2,0.28,4,0.1,0,0.03,1,0.0,3,0 days 01:49:16.100000
3,0,2,False,2,0.61,4,0.25,3,0.14,1,0.0,0,0.0,5,0 days 02:19:07.900000
3,2,4,False,4,0.62,0,0.19,3,0.15,2,0.04,1,0.0,4,0 days 02:26:48.700000
3,1,2,False,2,0.68,3,0.28,0,0.03,4,0.01,1,0.0,5,0 days 02:54:05.200000
3,3,4,False,4,0.67,3,0.28,0,0.04,1,0.01,2,0.0,2,0 days 00:53:51.700000
3,0,2,False,2,0.9,3,0.1,1,0.0,0,0.0,4,0.0,4,0 days 04:04:50.900000
3,3,3,True,3,0.98,1,0.02,0,0.0,2,0.0,4,0.0,1,0 days 00:20:16.100000
3,3,3,True,3,0.63,0,0.26,4,0.1,1,0.01,2,0.0,1,0 days 00:53:52.800000
3,3,3,True,3,0.6,1,0.39,2,0.01,0,0.0,4,0.0,1,0 days 00:55:38.600000
3,4,0,False,0,0.69,2,0.27,4,0.03,3,0.01,1,0.0,3,0 days 02:14:12.600000
3,4,4,True,4,0.64,0,0.33,3,0.02,2,0.01,1,0.0,1,0 days 01:24:28.500000
3,2,0,False,0,0.63,2,0.27,3,0.08,4,0.02,1,0.0,2,0 days 01:34:02.900000
3,1,3,False,3,0.69,1,0.3,2,0.01,0,0.0,4,0.0,2,0 days 00:56:02
3,0,3,False,3,0.69,4,0.25,0,0.06,1,0.0,2,0.0,3,0 days 03:08:39.700000
3,2,0,False,0,0.76,4,0.2,2,0.04,1,0.0,3,0.0,3,0 days 02:40:55.500000
3,1,1,True,1,0.72,0,0.27,3,0.01,2,0.0,4,0.0,1,0 days 00:28:36.600000
3,1,3,False,3,0.93,1,0.07,0,0.0,2,0.0,4,0.0,2,0 days 00:53:38.800000
3,2,0,False,0,0.63,2,0.27,3,0.08,4,0.02,1,0.0,2,0 days 01:34:06.300000
3,2,2,True,2,0.61,4,0.25,3,0.14,1,0.0,0,0.0,1,0 days 02:18:53.700000
3,0,0,True,0,0.56,3,0.35,1,0.08,4,0.01,2,0.0,1,0 days 00:57:23.300000
3,4,0,False,0,0.63,4,0.3,3,0.07,1,0.0,2,0.0,2,0 days 01:23:03.300000
3,0,0,True,0,0.7,2,0.21,4,0.06,3,0.03,1,0.0,1,0 days 02:41:01.400000
3,2,0,False,0,0.76,4,0.2,2,0.04,1,0.0,3,0.0,3,0 days 02:40:56.700000
3,1,2,False,2,0.64,3,0.24,1,0.12,0,0.0,4,0.0,3,0 days 00:54:54.700000
3,1,1,True,1,0.68,3,0.32,0,0.0,2,0.0,4,0.0,1,0 days 00:53:43.200000
3,3,0,False,0,0.63,3,0.28,4,0.09,1,0.0,2,0.0,2,0 days 01:21:45.700000
3,3,4,False,4,0.81,2,0.17,0,0.02,1,0.0,3,0.0,5,0 days 01:53:21.400000
3,3,0,False,0,0.61,2,0.25,3,0.14,1,0.0,4,0.0,3,0 days 03:10:59.200000
3,3,1,False,1,0.91,3,0.09,0,0.0,2,0.0,4,0.0,2,0 days 00:53:34.600000
3,3,1,False,1,0.85,3,0.14,0,0.01,2,0.0,4,0.0,2,0 days 00:32:04.300000
3,4,2,False,2,0.65,3,0.26,0,0.09,1,0.0,4,0.0,5,0 days 02:41:05.200000
4,3,0,False,0,0.85,1,0.14,3,0.01,2,0.0,4,0.0,3,0 days 00:51:57.900000
4,0,4,False,4,0.6,2,0.39,0,0.01,1,0.0,3,0.0,3,0 days 02:14:13
4,1,1,True,1,0.78,4,0.21,3,0.01,0,0.0,2,0.0,1,0 days 00:53:45.400000
4,3,1,False,1,0.7,3,0.3,0,0.0,2,0.0,4,0.0,2,0 days 00:53:40.200000
4,3,2,False,2,0.65,0,0.22,3,0.12,4,0.01,1,0.0,3,0 days 03:13:02
4,2,2,True,2,0.71,0,0.27,4,0.02,1,0.0,3,0.0,1,0 days 02:39:07.900000
4,3,3,True,3,0.63,2,0.29,1,0.08,0,0.0,4,0.0,1,0 days 00:42:20.700000
4,3,2,False,2,0.65,3,0.2,4,0.15,1,0.0,0,0.0,2,0 days 01:57:10.300000
4,4,4,True,4,0.69,3,0.18,2,0.08,0,0.05,1,0.0,1,0 days 02:50:22.900000
4,4,0,False,0,0.62,2,0.31,3,0.07,1,0.0,4,0.0,5,0 days 02:20:43.800000
4,4,4,True,4,0.69,3,0.18,2,0.08,0,0.05,1,0.0,1,0 days 02:50:22.300000
4,1,1,True,1,0.88,4,0.08,3,0.04,0,0.0,2,0.0,1,0 days 00:25:03
4,0,3,False,3,0.62,2,0.38,1,0.0,0,0.0,4,0.0,4,0 days 03:51:58.500000
4,1,3,False,3,0.64,1,0.36,0,0.0,2,0.0,4,0.0,2,0 days 00:53:40.600000
4,1,3,False,3,0.67,1,0.33,0,0.0,2,0.0,4,0.0,2,0 days 00:53:39.300000
4,2,3,False,3,0.57,4,0.3,2,0.08,0,0.05,1,0.0,3,0 days 02:50:20.800000
4,0,3,False,3,0.7,2,0.29,0,0.01,1,0.0,4,0.0,3,0 days 02:44:09.300000
4,2,0,False,0,0.85,4,0.14,2,0.01,1,0.0,3,0.0,3,0 days 01:28:01.900000
4,1,3,False,3,0.63,2,0.29,1,0.08,0,0.0,4,0.0,3,0 days 00:42:05.700000
4,0,0,True,0,0.65,1,0.23,3,0.12,2,0.0,4,0.0,1,0 days 00:33:31.900000
4,0,0,True,0,0.62,2,0.35,3,0.03,1,0.0,4,0.0,1,0 days 03:07:53.400000
4,2,0,False,0,0.77,2,0.23,1,0.0,3,0.0,4,0.0,2,0 days 04:34:24.800000
4,3,0,False,0,0.58,2,0.41,3,0.01,1,0.0,4,0.0,3,0 days 03:15:47.700000
4,2,2,True,2,0.71,0,0.17,1,0.11,3,0.01,4,0.0,1,0 days 00:08:46
4,1,3,False,3,0.75,1,0.25,0,0.0,2,0.0,4,0.0,2,0 days 00:53:35.200000
4,3,3,True,3,0.95,1,0.05,0,0.0,2,0.0,4,0.0,1,0 days 00:18:54.400000
4,3,4,False,4,0.59,0,0.3,3,0.1,2,0.01,1,0.0,3,0 days 03:08:23.300000
4,3,1,False,1,0.71,3,0.29,0,0.0,2,0.0,4,0.0,2,0 days 00:53:38.500000
4,3,1,False,1,0.61,2,0.29,3,0.1,0,0.0,4,0.0,3,0 days 03:01:37.400000
4,4,3,False,3,0.54,1,0.27,2,0.13,4,0.06,0,0.0,4,0 days 02:52:37.500000
5,3,1,False,1,0.99,0,0.01,2,0.0,3,0.0,4,0.0,4,0 days 00:41:02.100000
5,0,2,False,2,0.61,0,0.19557142857142856,3,0.1944285714285714,1,0.0,4,0.0,2,0 days 03:35:59.700000
5,1,2,False,2,0.68,1,0.24,3,0.07,0,0.01,4,0.0,2,0 days 00:48:30.300000
5,3,1,False,1,0.63,0,0.24,3,0.13,2,0.0,4,0.0,3,0 days 00:53:58.900000
5,3,1,False,1,0.76,3,0.24,0,0.0,2,0.0,4,0.0,2,0 days 00:54:40.600000
5,3,3,True,3,0.9,1,0.1,0,0.0,2,0.0,4,0.0,1,0 days 00:53:41.300000
5,3,3,True,3,0.99,0,0.01,1,0.0,2,0.0,4,0.0,1,0 days 01:43:40.900000
5,3,1,False,1,0.77,3,0.2,0,0.03,2,0.0,4,0.0,2,0 days 00:31:07.500000
5,4,0,False,0,0.91,2,0.09,1,0.0,3,0.0,4,0.0,5,0 days 02:35:44
5,4,4,True,4,0.7,0,0.27,2,0.02,3,0.01,1,0.0,1,0 days 02:14:28.600000
5,4,0,False,0,0.65,2,0.24,3,0.09,4,0.02,1,0.0,4,0 days 02:25:09.300000
5,4,2,False,2,0.62,4,0.36,0,0.02,1,0.0,3,0.0,2,0 days 02:50:45.200000
5,1,0,False,0,0.65,1,0.23,3,0.08,4,0.04,2,0.0,2,0 days 00:28:14.500000
5,2,0,False,0,0.93,2,0.07,1,0.0,3,0.0,4,0.0,2,0 days 04:42:10.300000
5,1,3,False,3,0.62,4,0.31,1,0.07,0,0.0,2,0.0,3,0 days 00:27:11.600000
5,1,3,False,3,0.83,1,0.17,0,0.0,2,0.0,4,0.0,2,0 days 00:53:41.900000
5,1,1,True,1,0.7709999999999999,3,0.22899999999999998,0,0.0,2,0.0,4,0.0,1,0 days 00:53:43.800000
5,0,3,False,3,0.61,0,0.28,1,0.11,2,0.0,4,0.0,2,0 days 00:51:24.800000
5,0,2,False,2,0.91,0,0.09,1,0.0,3,0.0,4,0.0,2,0 days 04:28:54.100000
5,0,3,False,3,0.89,4,0.1,0,0.01,1,0.0,2,0.0,3,0 days 02:15:50.900000
5,0,2,False,2,0.93,0,0.05,4,0.02,1,0.0,3,0.0,2,0 days 01:30:16
5,2,4,False,4,0.64,3,0.22,0,0.14,1,0.0,2,0.0,5,0 days 02:41:05.100000
5,3,4,False,4,0.63,3,0.36,0,0.01,1,0.0,2,0.0,2,0 days 02:15:29.400000
5,2,0,False,0,0.89,3,0.11,1,0.0,2,0.0,4,0.0,4,0 days 02:42:05.600000
5,3,2,False,2,0.58,3,0.3950000000000001,0,0.025,1,0.0,4,0.0,2,0 days 03:36:40.900000
5,2,3,False,3,0.72,0,0.25,4,0.03,1,0.0,2,0.0,5,0 days 02:45:58
5,1,3,False,3,0.75,1,0.25,0,0.0,2,0.0,4,0.0,2,0 days 00:53:41.100000
5,3,1,False,1,0.77,3,0.2,0,0.03,2,0.0,4,0.0,2,0 days 00:31:08.100000
5,2,2,True,2,0.59,0,0.23,1,0.16,3,0.02,4,0.0,1,0 days 00:08:39.700000
5,3,3,True,3,0.6,1,0.33,2,0.06,0,0.01,4,0.0,1,0 days 00:42:19.200000
6,3,2,False,2,0.83,0,0.16,4,0.01,1,0.0,3,0.0,5,0 days 02:30:53.600000
6,2,3,False,3,0.92,0,0.08,1,0.0,2,0.0,4,0.0,4,0 days 03:12:01.200000
6,3,3,True,3,0.68,1,0.25,2,0.07,0,0.0,4,0.0,1,0 days 03:28:26.900000
6,1,1,True,1,0.73,3,0.27,0,0.0,2,0.0,4,0.0,1,0 days 00:53:11.600000
6,1,1,True,1,0.91,2,0.07,3,0.02,0,0.0,4,0.0,1,0 days 00:54:50.300000
6,0,4,False,4,0.66,0,0.24,2,0.1,1,0.0,3,0.0,2,0 days 02:35:34.900000
6,3,3,True,3,0.81,0,0.19,1,0.0,2,0.0,4,0.0,1,0 days 02:42:47.900000
6,3,3,True,3,0.62,1,0.38,0,0.0,2,0.0,4,0.0,1,0 days 00:55:43.400000
6,4,4,True,4,0.75,1,0.25,2,0.0,0,0.0,3,0.0,1,0 days 00:26:54.400000
6,4,4,True,4,0.78,3,0.16,0,0.05,2,0.01,1,0.0,1,0 days 02:41:22
6,2,0,False,0,0.56,4,0.23621428571428574,2,0.19378571428571426,3,0.01,1,0.0,3,0 days 01:47:20.900000
6,1,3,False,3,0.8233333333333333,1,0.17666666666666664,0,0.0,2,0.0,4,0.0,2,0 days 00:53:42.500000
6,2,3,False,3,0.83,4,0.1,2,0.06,1,0.01,0,0.0,3,0 days 01:56:43.600000
6,0,2,False,2,0.69,4,0.24,0,0.06,3,0.01,1,0.0,3,0 days 02:14:07.200000
6,1,3,False,3,0.58,0,0.38,4,0.04,1,0.0,2,0.0,4,0 days 00:58:05
6,2,2,True,2,0.58,3,0.3,0,0.12,1,0.0,4,0.0,1,0 days 04:01:34.600000
6,1,1,True,1,0.92,3,0.08,0,0.0,2,0.0,4,0.0,1,0 days 00:39:44.500000
6,0,3,False,3,0.76,1,0.24,0,0.0,2,0.0,4,0.0,3,0 days 00:52:35.600000
6,0,3,False,3,0.92,0,0.08,1,0.0,2,0.0,4,0.0,2,0 days 03:11:28
6,4,2,False,2,0.7,0,0.3,1,0.0,3,0.0,4,0.0,5,0 days 02:40:57.200000
6,0,0,True,0,0.65,3,0.2,2,0.11,4,0.04,1,0.0,1,0 days 02:49:42.100000
6,3,1,False,1,0.71,4,0.29,2,0.0,0,0.0,3,0.0,5,0 days 00:27:05.100000
6,3,4,False,4,0.65,3,0.3,0,0.05,1,0.0,2,0.0,2,0 days 01:20:56
6,3,3,True,3,0.95,1,0.05,0,0.0,2,0.0,4,0.0,1,0 days 00:19:55.600000
6,3,0,False,0,0.74,4,0.17,2,0.09,1,0.0,3,0.0,5,0 days 02:41:05.800000
6,2,4,False,4,0.72,0,0.21,2,0.06,3,0.01,1,0.0,3,0 days 02:14:11.500000
6,3,1,False,1,0.88,0,0.11,3,0.01,2,0.0,4,0.0,3,0 days 00:54:10.300000
6,3,0,False,0,0.78,3,0.14,2,0.08,1,0.0,4,0.0,2,0 days 02:44:29
6,2,4,False,4,0.58,3,0.34,2,0.06,1,0.02,0,0.0,3,0 days 01:57:55
7,1,4,False,4,0.78,3,0.22,1,0.0,0,0.0,2,0.0,3,0 days 01:16:04.300000
7,3,0,False,0,0.89,2,0.08,3,0.02,4,0.01,1,0.0,3,0 days 02:48:59.500000
7,0,2,False,2,0.71,0,0.29,1,0.0,3,0.0,4,0.0,2,0 days 04:42:36
7,0,2,False,2,0.62,3,0.37,1,0.01,0,0.0,4,0.0,4,0 days 03:18:53.300000
7,3,3,True,3,0.95,1,0.05,0,0.0,2,0.0,4,0.0,1,0 days 00:19:39.700000
7,3,1,False,1,0.75,3,0.25,0,0.0,2,0.0,4,0.0,2,0 days 00:53:42.400000
7,4,2,False,2,0.87,0,0.13,1,0.0,3,0.0,4,0.0,5,0 days 02:48:03.900000
7,4,3,False,3,0.84,4,0.16,1,0.0,0,0.0,2,0.0,2,0 days 01:20:27.500000
7,0,2,False,2,0.65,4,0.33,0,0.02,1,0.0,3,0.0,3,0 days 01:26:17.400000
7,1,3,False,3,0.94,1,0.05,0,0.01,2,0.0,4,0.0,2,0 days 00:31:39.700000
7,1,3,False,3,0.74,0,0.26,1,0.0,2,0.0,4,0.0,3,0 days 00:53:59.800000
7,0,0,True,0,0.67,1,0.21,3,0.12,2,0.0,4,0.0,1,0 days 00:33:41.700000
7,2,2,True,2,0.64,3,0.35,1,0.01,0,0.0,4,0.0,1,0 days 03:20:12.300000
7,0,3,False,3,0.71,4,0.29,1,0.0,0,0.0,2,0.0,4,0 days 01:22:23.500000
7,2,0,False,0,0.71,3,0.18,4,0.11,1,0.0,2,0.0,5,0 days 01:51:19.200000
7,1,3,False,3,0.69,1,0.31,0,0.0,2,0.0,4,0.0,2,0 days 00:53:37.900000
7,1,3,False,3,0.94,1,0.06,0,0.0,2,0.0,4,0.0,2,0 days 00:53:40.200000
7,2,0,False,0,0.85,2,0.13,3,0.02,1,0.0,4,0.0,2,0 days 03:07:51.400000
7,2,0,False,0,0.87,4,0.12,3,0.01,1,0.0,2,0.0,5,0 days 02:33:30.100000
7,3,1,False,1,0.79,3,0.21,0,0.0,2,0.0,4,0.0,2,0 days 00:53:41.900000
7,2,3,False,3,0.85,1,0.13,2,0.02,0,0.0,4,0.0,3,0 days 00:43:07.200000
7,3,0,False,0,0.67,3,0.21,4,0.07,2,0.05,1,0.0,2,0 days 02:41:09.400000
7,3,3,True,3,0.77,0,0.2,2,0.03,1,0.0,4,0.0,1,0 days 03:38:35.200000
7,3,3,True,3,0.96,0,0.04,1,0.0,2,0.0,4,0.0,1,0 days 01:43:30.800000
7,3,2,False,2,0.61,3,0.35,0,0.04,1,0.0,4,0.0,2,0 days 02:17:00.800000
7,3,3,True,3,0.64,0,0.23,2,0.12,4,0.01,1,0.0,1,0 days 02:12:51.600000
7,2,1,False,1,0.65,4,0.29,2,0.05,3,0.01,0,0.0,3,0 days 02:02:11.500000
7,3,3,True,3,0.96,0,0.04,1,0.0,2,0.0,4,0.0,1,0 days 01:42:49.700000
7,4,3,False,3,0.64,0,0.23,2,0.12,4,0.01,1,0.0,4,0 days 02:12:11.800000
8,1,0,False,0,0.6,2,0.38,3,0.02,1,0.0,4,0.0,4,0 days 00:11:17.600000
8,0,3,False,3,0.65,0,0.33,2,0.02,1,0.0,4,0.0,2,0 days 03:08:03.300000
8,2,0,False,0,0.71,2,0.28,3,0.01,1,0.0,4,0.0,2,0 days 04:07:28
8,3,3,True,3,0.68,0,0.3,4,0.02,1,0.0,2,0.0,1,0 days 02:16:07.800000
8,2,0,False,0,0.6,2,0.38,3,0.02,1,0.0,4,0.0,2,0 days 00:12:30.900000
8,3,4,False,4,0.67,0,0.26,2,0.07,1,0.0,3,0.0,5,0 days 01:50:08.200000
8,4,2,False,2,0.57,3,0.22,1,0.13,0,0.08,4,0.0,5,0 days 00:59:26.400000
8,1,3,False,3,0.97,0,0.02,2,0.01,1,0.0,4,0.0,4,0 days 00:16:24.800000
8,0,4,False,4,0.62,2,0.28,0,0.1,1,0.0,3,0.0,3,0 days 02:40:57.800000
8,0,4,False,4,0.58,0,0.28,2,0.14,1,0.0,3,0.0,2,0 days 02:35:56.600000
8,0,3,False,3,0.52,2,0.39,0,0.05,4,0.04,1,0.0,3,0 days 02:31:43.400000
8,1,1,True,1,0.71,3,0.29,0,0.0,2,0.0,4,0.0,1,0 days 00:53:43
8,4,3,False,3,0.68,2,0.25,4,0.07,1,0.0,0,0.0,3,0 days 01:54:10.500000
8,2,2,True,2,0.5235000000000001,4,0.4764999999999999,1,0.0,0,0.0,3,0.0,1,0 days 01:47:39.800000
8,1,3,False,3,0.55,1,0.37,2,0.08,0,0.0,4,0.0,2,0 days 00:54:57.800000
8,3,3,True,3,0.65,0,0.33,2,0.02,1,0.0,4,0.0,1,0 days 03:08:01.900000
8,2,2,True,2,0.62,0,0.33,3,0.05,1,0.0,4,0.0,1,0 days 03:07:46.800000
8,3,4,False,4,0.66,3,0.33,0,0.01,1,0.0,2,0.0,2,0 days 00:53:50.800000
8,3,0,False,0,0.61,4,0.33,2,0.05,3,0.01,1,0.0,4,0 days 02:23:00.100000
8,0,1,False,1,0.95,3,0.03,4,0.02,0,0.0,2,0.0,4,0 days 00:28:14
8,1,3,False,3,0.66,1,0.34,0,0.0,2,0.0,4,0.0,2,0 days 00:53:33.600000
8,3,1,False,1,0.89,3,0.11,0,0.0,2,0.0,4,0.0,2,0 days 00:53:36.900000
8,2,3,False,3,0.65,0,0.33,2,0.02,1,0.0,4,0.0,3,0 days 03:07:59.200000
8,3,3,True,3,0.5738333333333334,1,0.4261666666666667,0,0.0,2,0.0,4,0.0,1,0 days 00:53:40
8,3,3,True,3,0.97,0,0.02,2,0.01,1,0.0,4,0.0,1,0 days 00:14:55.900000
8,3,1,False,1,0.745,3,0.255,0,0.0,2,0.0,4,0.0,2,0 days 00:53:41
8,3,0,False,0,0.84,1,0.16,2,0.0,3,0.0,4,0.0,4,0 days 00:56:57.800000
8,2,0,False,0,0.5703809523809523,3,0.4196190476190476,2,0.01,1,0.0,4,0.0,3,0 days 03:35:11.600000
8,4,3,False,3,0.73,0,0.27,1,0.0,2,0.0,4,0.0,5,0 days 03:08:21.800000
9,0,2,False,2,0.92,1,0.06,3,0.02,0,0.0,4,0.0,4,0 days 00:08:59.100000
9,2,3,False,3,0.69,0,0.22,1,0.04,4,0.04,2,0.01,5,0 days 02:54:38.600000
9,2,3,False,3,0.7,2,0.19,0,0.11,1,0.0,4,0.0,2,0 days 02:17:43.400000
9,1,1,True,1,0.72,3,0.28,0,0.0,2,0.0,4,0.0,1,0 days 00:55:17
9,1,3,False,3,0.65,1,0.35,0,0.0,2,0.0,4,0.0,2,0 days 00:40:56.400000
9,1,3,False,3,0.65,1,0.35,0,0.0,2,0.0,4,0.0,2,0 days 00:40:38.900000
9,2,3,False,3,0.66,2,0.32,1,0.02,0,0.0,4,0.0,2,0 days 00:01:33.200000
9,3,2,False,2,0.9,0,0.09,3,0.01,1,0.0,4,0.0,3,0 days 04:01:24.200000
9,3,1,False,1,0.67,3,0.32,2,0.01,0,0.0,4,0.0,2,0 days 00:54:34.200000
9,4,3,False,3,0.98,0,0.02,1,0.0,2,0.0,4,0.0,5,0 days 00:53:50.900000
9,4,1,False,1,0.955,0,0.04,3,0.005,2,0.0,4,0.0,5,0 days 00:53:45.900000
9,2,3,False,3,0.64,2,0.29,4,0.05,1,0.01,0,0.01,2,0 days 01:02:29.100000
9,1,2,False,2,0.61,1,0.35,3,0.04,0,0.0,4,0.0,2,0 days 00:46:40.500000
9,2,3,False,3,0.52,0,0.33,2,0.15,1,0.0,4,0.0,3,0 days 02:30:44.600000
9,0,2,False,2,0.8211904761904762,4,0.1588095238095238,3,0.02,1,0.0,0,0.0,5,0 days 01:47:19.200000
9,0,2,False,2,0.71,0,0.29,1,0.0,3,0.0,4,0.0,2,0 days 04:33:10.500000
9,2,0,False,0,0.54,2,0.44,3,0.02,1,0.0,4,0.0,2,0 days 04:29:46.700000
9,0,0,True,0,0.63,2,0.34,3,0.03,1,0.0,4,0.0,1,0 days 03:07:54.600000
9,0,1,False,1,0.65,3,0.29,0,0.06,2,0.0,4,0.0,3,0 days 00:54:01.900000
9,3,0,False,0,0.63,3,0.37,1,0.0,2,0.0,4,0.0,2,0 days 00:53:55.600000
9,3,3,True,3,0.71,2,0.17,0,0.12,1,0.0,4,0.0,1,0 days 02:45:04.300000
9,3,4,False,4,0.65,3,0.34,0,0.01,1,0.0,2,0.0,2,0 days 01:20:36.200000
9,3,0,False,0,0.91,2,0.09,1,0.0,3,0.0,4,0.0,4,0 days 05:04:09.600000
9,1,3,False,3,0.79,1,0.21,0,0.0,2,0.0,4,0.0,2,0 days 00:53:37.400000
9,3,0,False,0,0.62,2,0.37,3,0.01,1,0.0,4,0.0,3,0 days 03:34:35.400000
9,3,1,False,1,0.76,3,0.24,0,0.0,2,0.0,4,0.0,2,0 days 00:54:25.600000
9,3,3,True,3,0.62,2,0.37,0,0.01,1,0.0,4,0.0,1,0 days 03:21:52.800000
9,3,0,False,0,0.66,2,0.19,4,0.15,1,0.0,3,0.0,5,0 days 02:49:57.800000
9,4,4,True,4,0.65,3,0.34,0,0.01,1,0.0,2,0.0,1,0 days 01:20:36.400000
10,0,3,False,3,0.61,2,0.36,0,0.03,1,0.0,4,0.0,3,0 days 03:34:35.400000
10,2,4,False,4,0.96,3,0.03,2,0.01,1,0.0,0,0.0,3,0 days 02:50:48.100000
10,0,4,False,4,0.61,3,0.26,2,0.12,0,0.01,1,0.0,4,0 days 02:24:33.900000
10,0,2,False,2,0.68,1,0.2,4,0.07,3,0.05,0,0.0,5,0 days 02:55:04.900000
10,3,3,True,3,1.0,0,0.0,1,0.0,2,0.0,4,0.0,1,0 days 00:54:23.300000
10,2,1,False,1,0.87,0,0.11,3,0.02,2,0.0,4,0.0,4,0 days 00:48:59.400000
10,4,2,False,2,0.72,3,0.26,4,0.02,1,0.0,0,0.0,3,0 days 01:57:47.500000
10,4,3,False,3,0.66,4,0.22,0,0.11,2,0.01,1,0.0,2,0 days 02:14:41.300000
10,4,3,False,3,0.85,0,0.12,4,0.03,1,0.0,2,0.0,3,0 days 02:15:14.800000
10,1,3,False,3,0.63,0,0.34,1,0.03,2,0.0,4,0.0,3,0 days 00:54:11.700000
10,1,3,False,3,1.0,0,0.0,1,0.0,2,0.0,4,0.0,3,0 days 00:54:26.300000
10,0,0,True,0,0.57,3,0.33,2,0.1,1,0.0,4,0.0,1,0 days 02:42:21
10,1,3,False,3,0.88,0,0.1,1,0.02,2,0.0,4,0.0,3,0 days 00:54:16.600000
10,2,4,False,4,0.59,3,0.25,1,0.12,0,0.03,2,0.01,5,0 days 00:59:28.400000
10,0,2,False,2,0.62,3,0.27,4,0.11,1,0.0,0,0.0,5,0 days 01:51:09.500000
10,2,0,False,0,0.72,2,0.28,1,0.0,3,0.0,4,0.0,2,0 days 04:28:16.300000
10,1,4,False,4,0.87,1,0.11,3,0.02,0,0.0,2,0.0,2,0 days 00:26:52.100000
10,2,3,False,3,0.67,1,0.2,2,0.12,0,0.01,4,0.0,3,0 days 03:23:06.200000
10,3,1,False,1,0.92,2,0.08,0,0.0,3,0.0,4,0.0,4,0 days 00:54:56.100000
10,3,0,False,0,0.68,2,0.32,1,0.0,3,0.0,4,0.0,4,0 days 04:18:21.900000
10,3,3,True,3,0.72,2,0.27,0,0.01,1,0.0,4,0.0,1,0 days 03:30:31.100000
10,2,0,False,0,0.75,2,0.15,4,0.1,1,0.0,3,0.0,2,0 days 02:14:07.900000
10,3,1,False,1,0.68,3,0.32,0,0.0,2,0.0,4,0.0,2,0 days 00:53:38
10,3,3,True,3,0.87,0,0.07,2,0.06,1,0.0,4,0.0,1,0 days 02:42:45.900000
10,1,3,False,3,0.91,1,0.08,2,0.01,0,0.0,4,0.0,2,0 days 00:54:39.900000
10,3,2,False,2,0.68,1,0.2,4,0.07,3,0.05,0,0.0,4,0 days 02:54:51.700000
10,3,3,True,3,0.67,2,0.27,1,0.05,0,0.01,4,0.0,1,0 days 03:22:43.200000
10,3,2,False,2,0.72,3,0.26,4,0.02,1,0.0,0,0.0,2,0 days 01:57:41
10,4,3,False,3,0.68,4,0.19,2,0.13,1,0.0,0,0.0,2,0 days 01:52:51.300000
